Title,category,content,link,Rarity
Bio-inspired Boundary Layer Actuators for Soft Neuromorphic Robotics,Mechanical Engineering / Solid Mechanics,"### Overview
Utilizes advanced architectural configuration at micro or nano scales to manipulate structural mechanics and wave propagation properties beyond conventional material limits.

### Why It Matters (Impact)
Bypasses traditional mechanical failure and wear modes, offering unprecedented operational lifespans in harsh or inaccessible environments.

### Mind-Blowing Fact
💡 These configurations can demonstrate negative Poisson's ratios, meaning they expand sideways when stretched rather than getting thinner.",https://www.google.com/search?tbm=isch&q=Bio-inspired+Boundary+Layer+Actuators+for+Soft+Neuromorphic+Robotics,Moderate Popularity
Single-atom Transition Metal Complexes in Chiral Pharmaceutical Separation,Chemistry & Chemical Engineering / Quantum Chemistry,"### Overview
Arranges molecular architectures or quantum states in highly coordinated geometric configurations to dramatically lower activation energy barriers.

### Why It Matters (Impact)
Unlocks access to previously unstable molecular geometries and material structures, paving the way for next-generation quantum devices.

### Mind-Blowing Fact
💡 Some of these catalysts can perform millions of complex molecular transformations before showing even a single atom of wear or degradation.",https://www.google.com/search?tbm=isch&q=Single-atom+Transition+Metal+Complexes+in+Chiral+Pharmaceutical+Separation,Moderate Popularity
Electro-hydrodynamic Boundary Layer Actuators for Adaptive Structural Shifting,Mechanical Engineering / Micro/Nano Electromechanical Systems (MEMS),"### Overview
Integrates responsive polymer matrices or flexible smart materials with tailored geometries to achieve autonomous actuation and sensory adaptation without external computing.

### Why It Matters (Impact)
Provides ultra-precise regulation of fluid or thermal fluxes, enabling breakthrough performance in sub-micron computing and micro-propulsion.

### Mind-Blowing Fact
💡 These configurations can demonstrate negative Poisson's ratios, meaning they expand sideways when stretched rather than getting thinner.",https://www.google.com/search?tbm=isch&q=Electro-hydrodynamic+Boundary+Layer+Actuators+for+Adaptive+Structural+Shifting,Moderate Popularity
Electrocatalytic Spin-polarized Catalysts in Chiral Pharmaceutical Separation,Chemistry & Chemical Engineering / Catalysis & Kinetics,"### Overview
Exploits confined localized environments and tailored surface configurations to govern electronic pathways and spin states during chemical transformations.

### Why It Matters (Impact)
Enables highly selective chemical transformations with zero unwanted side-products, transforming industrial green chemistry standards.

### Mind-Blowing Fact
💡 By trapping reacting molecules in sub-nanometer cages, reactions that normally take days can be forced to occur in a fraction of a second.",https://www.google.com/search?tbm=isch&q=Electrocatalytic+Spin-polarized+Catalysts+in+Chiral+Pharmaceutical+Separation,Low Popularity (Extremely Rare/Niche)
Magneto-rheological Triboelectric Nanogenerators in Sub-Autonomous Deep-Sea Vehicles,Mechanical Engineering / Thermodynamics,"### Overview
Utilizes advanced architectural configuration at micro or nano scales to manipulate structural mechanics and wave propagation properties beyond conventional material limits.

### Why It Matters (Impact)
Bypasses traditional mechanical failure and wear modes, offering unprecedented operational lifespans in harsh or inaccessible environments.

### Mind-Blowing Fact
💡 By controlling atomic-level vibrations, these systems can guide thermal currents along specific paths, effectively making heat turn corners.",https://www.google.com/search?tbm=isch&q=Magneto-rheological+Triboelectric+Nanogenerators+in+Sub-Autonomous+Deep-Sea+Vehicles,Moderate Popularity
Solvent-free Deep Eutectic Solvents in Non-Equilibrium Chemical Systems,Chemistry & Chemical Engineering / Quantum Chemistry,"### Overview
Utilizes alternative energy inputs like visible light, precise mechanical forces, or localized electric fields to bypass traditional thermodynamic constraints.

### Why It Matters (Impact)
Enables highly selective chemical transformations with zero unwanted side-products, transforming industrial green chemistry standards.

### Mind-Blowing Fact
💡 Some of these catalysts can perform millions of complex molecular transformations before showing even a single atom of wear or degradation.",https://www.google.com/search?tbm=isch&q=Solvent-free+Deep+Eutectic+Solvents+in+Non-Equilibrium+Chemical+Systems,Moderate Popularity
Bio-inspired Phononic Crystals for Soft Neuromorphic Robotics,Mechanical Engineering / Fluid Dynamics,"### Overview
Utilizes advanced architectural configuration at micro or nano scales to manipulate structural mechanics and wave propagation properties beyond conventional material limits.

### Why It Matters (Impact)
Provides ultra-precise regulation of fluid or thermal fluxes, enabling breakthrough performance in sub-micron computing and micro-propulsion.

### Mind-Blowing Fact
💡 By controlling atomic-level vibrations, these systems can guide thermal currents along specific paths, effectively making heat turn corners.",https://www.google.com/search?tbm=isch&q=Bio-inspired+Phononic+Crystals+for+Soft+Neuromorphic+Robotics,Low Popularity (Extremely Rare/Niche)
Mechanochemical Micro-flow Reactor Systems in Chiral Pharmaceutical Separation,Chemistry & Chemical Engineering / Organic Synthesis,"### Overview
Utilizes alternative energy inputs like visible light, precise mechanical forces, or localized electric fields to bypass traditional thermodynamic constraints.

### Why It Matters (Impact)
Drastically accelerates sluggish reaction rates under ambient, energy-efficient conditions, eliminating the need for fossil-fueled heating.

### Mind-Blowing Fact
💡 Some of these catalysts can perform millions of complex molecular transformations before showing even a single atom of wear or degradation.",https://www.google.com/search?tbm=isch&q=Mechanochemical+Micro-flow+Reactor+Systems+in+Chiral+Pharmaceutical+Separation,Moderate Popularity
Topology-optimized Microfluidic Channels for Adaptive Structural Shifting,Mechanical Engineering / Micro/Nano Electromechanical Systems (MEMS),"### Overview
Implements dynamic fluid-structure interactions or localized fields to control interfacial physics, thermal transport, or directional flow dynamics.

### Why It Matters (Impact)
Provides ultra-precise regulation of fluid or thermal fluxes, enabling breakthrough performance in sub-micron computing and micro-propulsion.

### Mind-Blowing Fact
💡 The localized structural response is so immediate that it mimics biological reflex loops, bypassing centralized electronic control delays entirely.",https://www.google.com/search?tbm=isch&q=Topology-optimized+Microfluidic+Channels+for+Adaptive+Structural+Shifting,Moderate Popularity
Heterogeneous Covalent Organic Frameworks (COFs) in Non-Equilibrium Chemical Systems,Chemistry & Chemical Engineering / Quantum Chemistry,"### Overview
Exploits confined localized environments and tailored surface configurations to govern electronic pathways and spin states during chemical transformations.

### Why It Matters (Impact)
Drastically accelerates sluggish reaction rates under ambient, energy-efficient conditions, eliminating the need for fossil-fueled heating.

### Mind-Blowing Fact
💡 By trapping reacting molecules in sub-nanometer cages, reactions that normally take days can be forced to occur in a fraction of a second.",https://www.google.com/search?tbm=isch&q=Heterogeneous+Covalent+Organic+Frameworks+%28COFs%29+in+Non-Equilibrium+Chemical+Systems,Moderate Popularity
Supracritical Quantum Embedding Interfaces in Renewable Biomass Upcycling,Chemistry & Chemical Engineering / Organic Synthesis,"### Overview
Arranges molecular architectures or quantum states in highly coordinated geometric configurations to dramatically lower activation energy barriers.

### Why It Matters (Impact)
Drastically accelerates sluggish reaction rates under ambient, energy-efficient conditions, eliminating the need for fossil-fueled heating.

### Mind-Blowing Fact
💡 By trapping reacting molecules in sub-nanometer cages, reactions that normally take days can be forced to occur in a fraction of a second.",https://www.google.com/search?tbm=isch&q=Supracritical+Quantum+Embedding+Interfaces+in+Renewable+Biomass+Upcycling,Moderate Popularity
Supramolecular Solid-State Electrolyte Interphases for Ultra-trace Explosive Detection,Chemistry & Chemical Engineering / Surface & Interfacial Chemistry,"### Overview
Exploits confined localized environments and tailored surface configurations to govern electronic pathways and spin states during chemical transformations.

### Why It Matters (Impact)
Enables highly selective chemical transformations with zero unwanted side-products, transforming industrial green chemistry standards.

### Mind-Blowing Fact
💡 By trapping reacting molecules in sub-nanometer cages, reactions that normally take days can be forced to occur in a fraction of a second.",https://www.google.com/search?tbm=isch&q=Supramolecular+Solid-State+Electrolyte+Interphases+for+Ultra-trace+Explosive+Detection,Low Popularity (Extremely Rare/Niche)
Non-linear Microfluidic Channels in High-Flux Electronic Cooling,Mechanical Engineering / Solid Mechanics,"### Overview
Integrates responsive polymer matrices or flexible smart materials with tailored geometries to achieve autonomous actuation and sensory adaptation without external computing.

### Why It Matters (Impact)
Provides ultra-precise regulation of fluid or thermal fluxes, enabling breakthrough performance in sub-micron computing and micro-propulsion.

### Mind-Blowing Fact
💡 The localized structural response is so immediate that it mimics biological reflex loops, bypassing centralized electronic control delays entirely.",https://www.google.com/search?tbm=isch&q=Non-linear+Microfluidic+Channels+in+High-Flux+Electronic+Cooling,Moderate Popularity
Chiral-induced Plasmonic Nanostructures for Solid-State Battery Stabilization,Chemistry & Chemical Engineering / Electrochemistry,"### Overview
Utilizes alternative energy inputs like visible light, precise mechanical forces, or localized electric fields to bypass traditional thermodynamic constraints.

### Why It Matters (Impact)
Enables highly selective chemical transformations with zero unwanted side-products, transforming industrial green chemistry standards.

### Mind-Blowing Fact
💡 Some of these catalysts can perform millions of complex molecular transformations before showing even a single atom of wear or degradation.",https://www.google.com/search?tbm=isch&q=Chiral-induced+Plasmonic+Nanostructures+for+Solid-State+Battery+Stabilization,Moderate Popularity
Photoredox-driven Deep Eutectic Solvents for Ultra-trace Explosive Detection,Chemistry & Chemical Engineering / Catalysis & Kinetics,"### Overview
Arranges molecular architectures or quantum states in highly coordinated geometric configurations to dramatically lower activation energy barriers.

### Why It Matters (Impact)
Drastically accelerates sluggish reaction rates under ambient, energy-efficient conditions, eliminating the need for fossil-fueled heating.

### Mind-Blowing Fact
💡 By trapping reacting molecules in sub-nanometer cages, reactions that normally take days can be forced to occur in a fraction of a second.",https://www.google.com/search?tbm=isch&q=Photoredox-driven+Deep+Eutectic+Solvents+for+Ultra-trace+Explosive+Detection,Low Popularity (Extremely Rare/Niche)
Non-linear Compliant Mechanisms for Soft Neuromorphic Robotics,Mechanical Engineering / Micro/Nano Electromechanical Systems (MEMS),"### Overview
Utilizes advanced architectural configuration at micro or nano scales to manipulate structural mechanics and wave propagation properties beyond conventional material limits.

### Why It Matters (Impact)
Provides ultra-precise regulation of fluid or thermal fluxes, enabling breakthrough performance in sub-micron computing and micro-propulsion.

### Mind-Blowing Fact
💡 These configurations can demonstrate negative Poisson's ratios, meaning they expand sideways when stretched rather than getting thinner.",https://www.google.com/search?tbm=isch&q=Non-linear+Compliant+Mechanisms+for+Soft+Neuromorphic+Robotics,Moderate Popularity
Single-atom Transition Metal Complexes in Non-Equilibrium Chemical Systems,Chemistry & Chemical Engineering / Electrochemistry,"### Overview
Exploits confined localized environments and tailored surface configurations to govern electronic pathways and spin states during chemical transformations.

### Why It Matters (Impact)
Enables highly selective chemical transformations with zero unwanted side-products, transforming industrial green chemistry standards.

### Mind-Blowing Fact
💡 By trapping reacting molecules in sub-nanometer cages, reactions that normally take days can be forced to occur in a fraction of a second.",https://www.google.com/search?tbm=isch&q=Single-atom+Transition+Metal+Complexes+in+Non-Equilibrium+Chemical+Systems,Moderate Popularity
Self-healing Phononic Crystals in High-Flux Electronic Cooling,Mechanical Engineering / Solid Mechanics,"### Overview
Utilizes advanced architectural configuration at micro or nano scales to manipulate structural mechanics and wave propagation properties beyond conventional material limits.

### Why It Matters (Impact)
Bypasses traditional mechanical failure and wear modes, offering unprecedented operational lifespans in harsh or inaccessible environments.

### Mind-Blowing Fact
💡 By controlling atomic-level vibrations, these systems can guide thermal currents along specific paths, effectively making heat turn corners.",https://www.google.com/search?tbm=isch&q=Self-healing+Phononic+Crystals+in+High-Flux+Electronic+Cooling,Moderate Popularity
Chiral-induced Quantum Embedding Interfaces in Chiral Pharmaceutical Separation,Chemistry & Chemical Engineering / Surface & Interfacial Chemistry,"### Overview
Utilizes alternative energy inputs like visible light, precise mechanical forces, or localized electric fields to bypass traditional thermodynamic constraints.

### Why It Matters (Impact)
Unlocks access to previously unstable molecular geometries and material structures, paving the way for next-generation quantum devices.

### Mind-Blowing Fact
💡 Some of these catalysts can perform millions of complex molecular transformations before showing even a single atom of wear or degradation.",https://www.google.com/search?tbm=isch&q=Chiral-induced+Quantum+Embedding+Interfaces+in+Chiral+Pharmaceutical+Separation,Moderate Popularity
Mechanochemical Plasmonic Nanostructures in Renewable Biomass Upcycling,Chemistry & Chemical Engineering / Electrochemistry,"### Overview
Arranges molecular architectures or quantum states in highly coordinated geometric configurations to dramatically lower activation energy barriers.

### Why It Matters (Impact)
Enables highly selective chemical transformations with zero unwanted side-products, transforming industrial green chemistry standards.

### Mind-Blowing Fact
💡 By trapping reacting molecules in sub-nanometer cages, reactions that normally take days can be forced to occur in a fraction of a second.",https://www.google.com/search?tbm=isch&q=Mechanochemical+Plasmonic+Nanostructures+in+Renewable+Biomass+Upcycling,Moderate Popularity
Chiral-induced Bio-mimetic Enzyme Mimics in Chiral Pharmaceutical Separation,Chemistry & Chemical Engineering / Quantum Chemistry,"### Overview
Utilizes alternative energy inputs like visible light, precise mechanical forces, or localized electric fields to bypass traditional thermodynamic constraints.

### Why It Matters (Impact)
Enables highly selective chemical transformations with zero unwanted side-products, transforming industrial green chemistry standards.

### Mind-Blowing Fact
💡 By trapping reacting molecules in sub-nanometer cages, reactions that normally take days can be forced to occur in a fraction of a second.",https://www.google.com/search?tbm=isch&q=Chiral-induced+Bio-mimetic+Enzyme+Mimics+in+Chiral+Pharmaceutical+Separation,Moderate Popularity
Non-linear Metamaterial Lattices for High-Precision Vascular Navigation,Mechanical Engineering / Fluid Dynamics,"### Overview
Utilizes advanced architectural configuration at micro or nano scales to manipulate structural mechanics and wave propagation properties beyond conventional material limits.

### Why It Matters (Impact)
Bypasses traditional mechanical failure and wear modes, offering unprecedented operational lifespans in harsh or inaccessible environments.

### Mind-Blowing Fact
💡 These configurations can demonstrate negative Poisson's ratios, meaning they expand sideways when stretched rather than getting thinner.",https://www.google.com/search?tbm=isch&q=Non-linear+Metamaterial+Lattices+for+High-Precision+Vascular+Navigation,Low Popularity (Extremely Rare/Niche)
Solvent-free Spin-polarized Catalysts in Renewable Biomass Upcycling,Chemistry & Chemical Engineering / Organic Synthesis,"### Overview
Arranges molecular architectures or quantum states in highly coordinated geometric configurations to dramatically lower activation energy barriers.

### Why It Matters (Impact)
Drastically accelerates sluggish reaction rates under ambient, energy-efficient conditions, eliminating the need for fossil-fueled heating.

### Mind-Blowing Fact
💡 Controlling the quantum spin polarization of electrons can increase chemical reaction efficiency by orders of magnitude without changing the temperature.",https://www.google.com/search?tbm=isch&q=Solvent-free+Spin-polarized+Catalysts+in+Renewable+Biomass+Upcycling,Moderate Popularity
Electro-hydrodynamic Viscoelastic Dampers in Multi-Scale Energy Scavenging,Mechanical Engineering / Solid Mechanics,"### Overview
Implements dynamic fluid-structure interactions or localized fields to control interfacial physics, thermal transport, or directional flow dynamics.

### Why It Matters (Impact)
Provides ultra-precise regulation of fluid or thermal fluxes, enabling breakthrough performance in sub-micron computing and micro-propulsion.

### Mind-Blowing Fact
💡 The localized structural response is so immediate that it mimics biological reflex loops, bypassing centralized electronic control delays entirely.",https://www.google.com/search?tbm=isch&q=Electro-hydrodynamic+Viscoelastic+Dampers+in+Multi-Scale+Energy+Scavenging,Moderate Popularity
Electro-hydrodynamic Viscoelastic Dampers for Micro-Vibration Isolation,Mechanical Engineering / Solid Mechanics,"### Overview
Utilizes advanced architectural configuration at micro or nano scales to manipulate structural mechanics and wave propagation properties beyond conventional material limits.

### Why It Matters (Impact)
Drastically reduces weight while boosting mechanical resilience and energy dissipation capabilities for next-generation systems.

### Mind-Blowing Fact
💡 These configurations can demonstrate negative Poisson's ratios, meaning they expand sideways when stretched rather than getting thinner.",https://www.google.com/search?tbm=isch&q=Electro-hydrodynamic+Viscoelastic+Dampers+for+Micro-Vibration+Isolation,Low Popularity (Extremely Rare/Niche)
Micro-architected Compliant Mechanisms for Adaptive Structural Shifting,Mechanical Engineering / Robotics & Control,"### Overview
Utilizes advanced architectural configuration at micro or nano scales to manipulate structural mechanics and wave propagation properties beyond conventional material limits.

### Why It Matters (Impact)
Drastically reduces weight while boosting mechanical resilience and energy dissipation capabilities for next-generation systems.

### Mind-Blowing Fact
💡 By controlling atomic-level vibrations, these systems can guide thermal currents along specific paths, effectively making heat turn corners.",https://www.google.com/search?tbm=isch&q=Micro-architected+Compliant+Mechanisms+for+Adaptive+Structural+Shifting,Moderate Popularity
Asymmetric Phononic Crystals for Soft Neuromorphic Robotics,Mechanical Engineering / Micro/Nano Electromechanical Systems (MEMS),"### Overview
Utilizes advanced architectural configuration at micro or nano scales to manipulate structural mechanics and wave propagation properties beyond conventional material limits.

### Why It Matters (Impact)
Provides ultra-precise regulation of fluid or thermal fluxes, enabling breakthrough performance in sub-micron computing and micro-propulsion.

### Mind-Blowing Fact
💡 By controlling atomic-level vibrations, these systems can guide thermal currents along specific paths, effectively making heat turn corners.",https://www.google.com/search?tbm=isch&q=Asymmetric+Phononic+Crystals+for+Soft+Neuromorphic+Robotics,Low Popularity (Extremely Rare/Niche)
Asymmetric Microfluidic Channels in Multi-Scale Energy Scavenging,Mechanical Engineering / Robotics & Control,"### Overview
Utilizes advanced architectural configuration at micro or nano scales to manipulate structural mechanics and wave propagation properties beyond conventional material limits.

### Why It Matters (Impact)
Provides ultra-precise regulation of fluid or thermal fluxes, enabling breakthrough performance in sub-micron computing and micro-propulsion.

### Mind-Blowing Fact
💡 By controlling atomic-level vibrations, these systems can guide thermal currents along specific paths, effectively making heat turn corners.",https://www.google.com/search?tbm=isch&q=Asymmetric+Microfluidic+Channels+in+Multi-Scale+Energy+Scavenging,Low Popularity (Extremely Rare/Niche)
Solvent-free Plasmonic Nanostructures for High-Density Green Hydrogen Production,Chemistry & Chemical Engineering / Electrochemistry,"### Overview
Arranges molecular architectures or quantum states in highly coordinated geometric configurations to dramatically lower activation energy barriers.

### Why It Matters (Impact)
Drastically accelerates sluggish reaction rates under ambient, energy-efficient conditions, eliminating the need for fossil-fueled heating.

### Mind-Blowing Fact
💡 By trapping reacting molecules in sub-nanometer cages, reactions that normally take days can be forced to occur in a fraction of a second.",https://www.google.com/search?tbm=isch&q=Solvent-free+Plasmonic+Nanostructures+for+High-Density+Green+Hydrogen+Production,Moderate Popularity
Asymmetric Metamaterial Lattices for Adaptive Structural Shifting,Mechanical Engineering / Thermodynamics,"### Overview
Integrates responsive polymer matrices or flexible smart materials with tailored geometries to achieve autonomous actuation and sensory adaptation without external computing.

### Why It Matters (Impact)
Bypasses traditional mechanical failure and wear modes, offering unprecedented operational lifespans in harsh or inaccessible environments.

### Mind-Blowing Fact
💡 These configurations can demonstrate negative Poisson's ratios, meaning they expand sideways when stretched rather than getting thinner.",https://www.google.com/search?tbm=isch&q=Asymmetric+Metamaterial+Lattices+for+Adaptive+Structural+Shifting,Moderate Popularity
Non-linear Triboelectric Nanogenerators for Micro-Vibration Isolation,Mechanical Engineering / Fluid Dynamics,"### Overview
Integrates responsive polymer matrices or flexible smart materials with tailored geometries to achieve autonomous actuation and sensory adaptation without external computing.

### Why It Matters (Impact)
Drastically reduces weight while boosting mechanical resilience and energy dissipation capabilities for next-generation systems.

### Mind-Blowing Fact
💡 By controlling atomic-level vibrations, these systems can guide thermal currents along specific paths, effectively making heat turn corners.",https://www.google.com/search?tbm=isch&q=Non-linear+Triboelectric+Nanogenerators+for+Micro-Vibration+Isolation,Moderate Popularity
Anisotropic Metamaterial Lattices for Micro-Vibration Isolation,Mechanical Engineering / Micro/Nano Electromechanical Systems (MEMS),"### Overview
Implements dynamic fluid-structure interactions or localized fields to control interfacial physics, thermal transport, or directional flow dynamics.

### Why It Matters (Impact)
Bypasses traditional mechanical failure and wear modes, offering unprecedented operational lifespans in harsh or inaccessible environments.

### Mind-Blowing Fact
💡 The localized structural response is so immediate that it mimics biological reflex loops, bypassing centralized electronic control delays entirely.",https://www.google.com/search?tbm=isch&q=Anisotropic+Metamaterial+Lattices+for+Micro-Vibration+Isolation,Low Popularity (Extremely Rare/Niche)
Mechanochemical Bimetallic Nanoclusters for Solid-State Battery Stabilization,Chemistry & Chemical Engineering / Organic Synthesis,"### Overview
Exploits confined localized environments and tailored surface configurations to govern electronic pathways and spin states during chemical transformations.

### Why It Matters (Impact)
Enables highly selective chemical transformations with zero unwanted side-products, transforming industrial green chemistry standards.

### Mind-Blowing Fact
💡 Some of these catalysts can perform millions of complex molecular transformations before showing even a single atom of wear or degradation.",https://www.google.com/search?tbm=isch&q=Mechanochemical+Bimetallic+Nanoclusters+for+Solid-State+Battery+Stabilization,Low Popularity (Extremely Rare/Niche)
Photoredox-driven Covalent Organic Frameworks (COFs) in Renewable Biomass Upcycling,Chemistry & Chemical Engineering / Catalysis & Kinetics,"### Overview
Utilizes alternative energy inputs like visible light, precise mechanical forces, or localized electric fields to bypass traditional thermodynamic constraints.

### Why It Matters (Impact)
Unlocks access to previously unstable molecular geometries and material structures, paving the way for next-generation quantum devices.

### Mind-Blowing Fact
💡 By trapping reacting molecules in sub-nanometer cages, reactions that normally take days can be forced to occur in a fraction of a second.",https://www.google.com/search?tbm=isch&q=Photoredox-driven+Covalent+Organic+Frameworks+%28COFs%29+in+Renewable+Biomass+Upcycling,Moderate Popularity
Bio-inspired Microfluidic Channels for High-Precision Vascular Navigation,Mechanical Engineering / Micro/Nano Electromechanical Systems (MEMS),"### Overview
Utilizes advanced architectural configuration at micro or nano scales to manipulate structural mechanics and wave propagation properties beyond conventional material limits.

### Why It Matters (Impact)
Drastically reduces weight while boosting mechanical resilience and energy dissipation capabilities for next-generation systems.

### Mind-Blowing Fact
💡 By controlling atomic-level vibrations, these systems can guide thermal currents along specific paths, effectively making heat turn corners.",https://www.google.com/search?tbm=isch&q=Bio-inspired+Microfluidic+Channels+for+High-Precision+Vascular+Navigation,Low Popularity (Extremely Rare/Niche)
Cryogenic Compliant Mechanisms for Extreme Aerospace Environments,Mechanical Engineering / Robotics & Control,"### Overview
Integrates responsive polymer matrices or flexible smart materials with tailored geometries to achieve autonomous actuation and sensory adaptation without external computing.

### Why It Matters (Impact)
Bypasses traditional mechanical failure and wear modes, offering unprecedented operational lifespans in harsh or inaccessible environments.

### Mind-Blowing Fact
💡 By controlling atomic-level vibrations, these systems can guide thermal currents along specific paths, effectively making heat turn corners.",https://www.google.com/search?tbm=isch&q=Cryogenic+Compliant+Mechanisms+for+Extreme+Aerospace+Environments,Moderate Popularity
Non-linear Phononic Crystals in High-Flux Electronic Cooling,Mechanical Engineering / Thermodynamics,"### Overview
Implements dynamic fluid-structure interactions or localized fields to control interfacial physics, thermal transport, or directional flow dynamics.

### Why It Matters (Impact)
Provides ultra-precise regulation of fluid or thermal fluxes, enabling breakthrough performance in sub-micron computing and micro-propulsion.

### Mind-Blowing Fact
💡 The localized structural response is so immediate that it mimics biological reflex loops, bypassing centralized electronic control delays entirely.",https://www.google.com/search?tbm=isch&q=Non-linear+Phononic+Crystals+in+High-Flux+Electronic+Cooling,Moderate Popularity
Electrocatalytic Bio-mimetic Enzyme Mimics in Renewable Biomass Upcycling,Chemistry & Chemical Engineering / Organic Synthesis,"### Overview
Exploits confined localized environments and tailored surface configurations to govern electronic pathways and spin states during chemical transformations.

### Why It Matters (Impact)
Enables highly selective chemical transformations with zero unwanted side-products, transforming industrial green chemistry standards.

### Mind-Blowing Fact
💡 By trapping reacting molecules in sub-nanometer cages, reactions that normally take days can be forced to occur in a fraction of a second.",https://www.google.com/search?tbm=isch&q=Electrocatalytic+Bio-mimetic+Enzyme+Mimics+in+Renewable+Biomass+Upcycling,Low Popularity (Extremely Rare/Niche)
Single-atom Micro-flow Reactor Systems for High-Density Green Hydrogen Production,Chemistry & Chemical Engineering / Quantum Chemistry,"### Overview
Utilizes alternative energy inputs like visible light, precise mechanical forces, or localized electric fields to bypass traditional thermodynamic constraints.

### Why It Matters (Impact)
Drastically accelerates sluggish reaction rates under ambient, energy-efficient conditions, eliminating the need for fossil-fueled heating.

### Mind-Blowing Fact
💡 By trapping reacting molecules in sub-nanometer cages, reactions that normally take days can be forced to occur in a fraction of a second.",https://www.google.com/search?tbm=isch&q=Single-atom+Micro-flow+Reactor+Systems+for+High-Density+Green+Hydrogen+Production,Low Popularity (Extremely Rare/Niche)
Single-atom Transition Metal Complexes in Targeted C-H Activation,Chemistry & Chemical Engineering / Surface & Interfacial Chemistry,"### Overview
Utilizes alternative energy inputs like visible light, precise mechanical forces, or localized electric fields to bypass traditional thermodynamic constraints.

### Why It Matters (Impact)
Enables highly selective chemical transformations with zero unwanted side-products, transforming industrial green chemistry standards.

### Mind-Blowing Fact
💡 Some of these catalysts can perform millions of complex molecular transformations before showing even a single atom of wear or degradation.",https://www.google.com/search?tbm=isch&q=Single-atom+Transition+Metal+Complexes+in+Targeted+C-H+Activation,Moderate Popularity
Solvent-free Spin-polarized Catalysts for Ultra-trace Explosive Detection,Chemistry & Chemical Engineering / Surface & Interfacial Chemistry,"### Overview
Arranges molecular architectures or quantum states in highly coordinated geometric configurations to dramatically lower activation energy barriers.

### Why It Matters (Impact)
Enables highly selective chemical transformations with zero unwanted side-products, transforming industrial green chemistry standards.

### Mind-Blowing Fact
💡 Controlling the quantum spin polarization of electrons can increase chemical reaction efficiency by orders of magnitude without changing the temperature.",https://www.google.com/search?tbm=isch&q=Solvent-free+Spin-polarized+Catalysts+for+Ultra-trace+Explosive+Detection,Low Popularity (Extremely Rare/Niche)
Topology-optimized Boundary Layer Actuators for Micro-Vibration Isolation,Mechanical Engineering / Thermodynamics,"### Overview
Implements dynamic fluid-structure interactions or localized fields to control interfacial physics, thermal transport, or directional flow dynamics.

### Why It Matters (Impact)
Bypasses traditional mechanical failure and wear modes, offering unprecedented operational lifespans in harsh or inaccessible environments.

### Mind-Blowing Fact
💡 By controlling atomic-level vibrations, these systems can guide thermal currents along specific paths, effectively making heat turn corners.",https://www.google.com/search?tbm=isch&q=Topology-optimized+Boundary+Layer+Actuators+for+Micro-Vibration+Isolation,Moderate Popularity
Micro-architected Thermoelectric Harvesters for Extreme Aerospace Environments,Mechanical Engineering / Fluid Dynamics,"### Overview
Utilizes advanced architectural configuration at micro or nano scales to manipulate structural mechanics and wave propagation properties beyond conventional material limits.

### Why It Matters (Impact)
Bypasses traditional mechanical failure and wear modes, offering unprecedented operational lifespans in harsh or inaccessible environments.

### Mind-Blowing Fact
💡 By controlling atomic-level vibrations, these systems can guide thermal currents along specific paths, effectively making heat turn corners.",https://www.google.com/search?tbm=isch&q=Micro-architected+Thermoelectric+Harvesters+for+Extreme+Aerospace+Environments,Low Popularity (Extremely Rare/Niche)
Micro-architected Phononic Crystals in Multi-Scale Energy Scavenging,Mechanical Engineering / Thermodynamics,"### Overview
Utilizes advanced architectural configuration at micro or nano scales to manipulate structural mechanics and wave propagation properties beyond conventional material limits.

### Why It Matters (Impact)
Provides ultra-precise regulation of fluid or thermal fluxes, enabling breakthrough performance in sub-micron computing and micro-propulsion.

### Mind-Blowing Fact
💡 These configurations can demonstrate negative Poisson's ratios, meaning they expand sideways when stretched rather than getting thinner.",https://www.google.com/search?tbm=isch&q=Micro-architected+Phononic+Crystals+in+Multi-Scale+Energy+Scavenging,Moderate Popularity
Electrocatalytic Bimetallic Nanoclusters in Chiral Pharmaceutical Separation,Chemistry & Chemical Engineering / Catalysis & Kinetics,"### Overview
Arranges molecular architectures or quantum states in highly coordinated geometric configurations to dramatically lower activation energy barriers.

### Why It Matters (Impact)
Unlocks access to previously unstable molecular geometries and material structures, paving the way for next-generation quantum devices.

### Mind-Blowing Fact
💡 By trapping reacting molecules in sub-nanometer cages, reactions that normally take days can be forced to occur in a fraction of a second.",https://www.google.com/search?tbm=isch&q=Electrocatalytic+Bimetallic+Nanoclusters+in+Chiral+Pharmaceutical+Separation,Low Popularity (Extremely Rare/Niche)
Photoredox-driven Deep Eutectic Solvents in Non-Equilibrium Chemical Systems,Chemistry & Chemical Engineering / Catalysis & Kinetics,"### Overview
Utilizes alternative energy inputs like visible light, precise mechanical forces, or localized electric fields to bypass traditional thermodynamic constraints.

### Why It Matters (Impact)
Unlocks access to previously unstable molecular geometries and material structures, paving the way for next-generation quantum devices.

### Mind-Blowing Fact
💡 Controlling the quantum spin polarization of electrons can increase chemical reaction efficiency by orders of magnitude without changing the temperature.",https://www.google.com/search?tbm=isch&q=Photoredox-driven+Deep+Eutectic+Solvents+in+Non-Equilibrium+Chemical+Systems,Low Popularity (Extremely Rare/Niche)
Bio-inspired Microfluidic Channels in Sub-Autonomous Deep-Sea Vehicles,Mechanical Engineering / Solid Mechanics,"### Overview
Utilizes advanced architectural configuration at micro or nano scales to manipulate structural mechanics and wave propagation properties beyond conventional material limits.

### Why It Matters (Impact)
Drastically reduces weight while boosting mechanical resilience and energy dissipation capabilities for next-generation systems.

### Mind-Blowing Fact
💡 The localized structural response is so immediate that it mimics biological reflex loops, bypassing centralized electronic control delays entirely.",https://www.google.com/search?tbm=isch&q=Bio-inspired+Microfluidic+Channels+in+Sub-Autonomous+Deep-Sea+Vehicles,Low Popularity (Extremely Rare/Niche)
Supramolecular Solid-State Electrolyte Interphases in Targeted C-H Activation,Chemistry & Chemical Engineering / Catalysis & Kinetics,"### Overview
Exploits confined localized environments and tailored surface configurations to govern electronic pathways and spin states during chemical transformations.

### Why It Matters (Impact)
Unlocks access to previously unstable molecular geometries and material structures, paving the way for next-generation quantum devices.

### Mind-Blowing Fact
💡 By trapping reacting molecules in sub-nanometer cages, reactions that normally take days can be forced to occur in a fraction of a second.",https://www.google.com/search?tbm=isch&q=Supramolecular+Solid-State+Electrolyte+Interphases+in+Targeted+C-H+Activation,Low Popularity (Extremely Rare/Niche)
Asymmetric Capillary Interfaces for Soft Neuromorphic Robotics,Mechanical Engineering / Robotics & Control,"### Overview
Implements dynamic fluid-structure interactions or localized fields to control interfacial physics, thermal transport, or directional flow dynamics.

### Why It Matters (Impact)
Provides ultra-precise regulation of fluid or thermal fluxes, enabling breakthrough performance in sub-micron computing and micro-propulsion.

### Mind-Blowing Fact
💡 These configurations can demonstrate negative Poisson's ratios, meaning they expand sideways when stretched rather than getting thinner.",https://www.google.com/search?tbm=isch&q=Asymmetric+Capillary+Interfaces+for+Soft+Neuromorphic+Robotics,Low Popularity (Extremely Rare/Niche)
Electrocatalytic Bio-mimetic Enzyme Mimics for Solid-State Battery Stabilization,Chemistry & Chemical Engineering / Quantum Chemistry,"### Overview
Utilizes alternative energy inputs like visible light, precise mechanical forces, or localized electric fields to bypass traditional thermodynamic constraints.

### Why It Matters (Impact)
Drastically accelerates sluggish reaction rates under ambient, energy-efficient conditions, eliminating the need for fossil-fueled heating.

### Mind-Blowing Fact
💡 Controlling the quantum spin polarization of electrons can increase chemical reaction efficiency by orders of magnitude without changing the temperature.",https://www.google.com/search?tbm=isch&q=Electrocatalytic+Bio-mimetic+Enzyme+Mimics+for+Solid-State+Battery+Stabilization,Low Popularity (Extremely Rare/Niche)
Enantioselective Bimetallic Nanoclusters for Ultra-trace Explosive Detection,Chemistry & Chemical Engineering / Surface & Interfacial Chemistry,"### Overview
Utilizes alternative energy inputs like visible light, precise mechanical forces, or localized electric fields to bypass traditional thermodynamic constraints.

### Why It Matters (Impact)
Drastically accelerates sluggish reaction rates under ambient, energy-efficient conditions, eliminating the need for fossil-fueled heating.

### Mind-Blowing Fact
💡 Some of these catalysts can perform millions of complex molecular transformations before showing even a single atom of wear or degradation.",https://www.google.com/search?tbm=isch&q=Enantioselective+Bimetallic+Nanoclusters+for+Ultra-trace+Explosive+Detection,Moderate Popularity
Solvent-free Covalent Organic Frameworks (COFs) for Solid-State Battery Stabilization,Chemistry & Chemical Engineering / Electrochemistry,"### Overview
Exploits confined localized environments and tailored surface configurations to govern electronic pathways and spin states during chemical transformations.

### Why It Matters (Impact)
Enables highly selective chemical transformations with zero unwanted side-products, transforming industrial green chemistry standards.

### Mind-Blowing Fact
💡 Controlling the quantum spin polarization of electrons can increase chemical reaction efficiency by orders of magnitude without changing the temperature.",https://www.google.com/search?tbm=isch&q=Solvent-free+Covalent+Organic+Frameworks+%28COFs%29+for+Solid-State+Battery+Stabilization,Low Popularity (Extremely Rare/Niche)
Supracritical Bimetallic Nanoclusters in Renewable Biomass Upcycling,Chemistry & Chemical Engineering / Electrochemistry,"### Overview
Utilizes alternative energy inputs like visible light, precise mechanical forces, or localized electric fields to bypass traditional thermodynamic constraints.

### Why It Matters (Impact)
Enables highly selective chemical transformations with zero unwanted side-products, transforming industrial green chemistry standards.

### Mind-Blowing Fact
💡 Some of these catalysts can perform millions of complex molecular transformations before showing even a single atom of wear or degradation.",https://www.google.com/search?tbm=isch&q=Supracritical+Bimetallic+Nanoclusters+in+Renewable+Biomass+Upcycling,Moderate Popularity
Chiral-induced Micro-flow Reactor Systems in Targeted C-H Activation,Chemistry & Chemical Engineering / Surface & Interfacial Chemistry,"### Overview
Arranges molecular architectures or quantum states in highly coordinated geometric configurations to dramatically lower activation energy barriers.

### Why It Matters (Impact)
Unlocks access to previously unstable molecular geometries and material structures, paving the way for next-generation quantum devices.

### Mind-Blowing Fact
💡 Controlling the quantum spin polarization of electrons can increase chemical reaction efficiency by orders of magnitude without changing the temperature.",https://www.google.com/search?tbm=isch&q=Chiral-induced+Micro-flow+Reactor+Systems+in+Targeted+C-H+Activation,Moderate Popularity
Asymmetric Metamaterial Lattices for Soft Neuromorphic Robotics,Mechanical Engineering / Fluid Dynamics,"### Overview
Implements dynamic fluid-structure interactions or localized fields to control interfacial physics, thermal transport, or directional flow dynamics.

### Why It Matters (Impact)
Bypasses traditional mechanical failure and wear modes, offering unprecedented operational lifespans in harsh or inaccessible environments.

### Mind-Blowing Fact
💡 These configurations can demonstrate negative Poisson's ratios, meaning they expand sideways when stretched rather than getting thinner.",https://www.google.com/search?tbm=isch&q=Asymmetric+Metamaterial+Lattices+for+Soft+Neuromorphic+Robotics,Low Popularity (Extremely Rare/Niche)
Heterogeneous Quantum Embedding Interfaces in Renewable Biomass Upcycling,Chemistry & Chemical Engineering / Surface & Interfacial Chemistry,"### Overview
Exploits confined localized environments and tailored surface configurations to govern electronic pathways and spin states during chemical transformations.

### Why It Matters (Impact)
Enables highly selective chemical transformations with zero unwanted side-products, transforming industrial green chemistry standards.

### Mind-Blowing Fact
💡 By trapping reacting molecules in sub-nanometer cages, reactions that normally take days can be forced to occur in a fraction of a second.",https://www.google.com/search?tbm=isch&q=Heterogeneous+Quantum+Embedding+Interfaces+in+Renewable+Biomass+Upcycling,Moderate Popularity
Topology-optimized Phononic Crystals for Adaptive Structural Shifting,Mechanical Engineering / Micro/Nano Electromechanical Systems (MEMS),"### Overview
Utilizes advanced architectural configuration at micro or nano scales to manipulate structural mechanics and wave propagation properties beyond conventional material limits.

### Why It Matters (Impact)
Provides ultra-precise regulation of fluid or thermal fluxes, enabling breakthrough performance in sub-micron computing and micro-propulsion.

### Mind-Blowing Fact
💡 The localized structural response is so immediate that it mimics biological reflex loops, bypassing centralized electronic control delays entirely.",https://www.google.com/search?tbm=isch&q=Topology-optimized+Phononic+Crystals+for+Adaptive+Structural+Shifting,Low Popularity (Extremely Rare/Niche)
Solvent-free Quantum Embedding Interfaces in Renewable Biomass Upcycling,Chemistry & Chemical Engineering / Surface & Interfacial Chemistry,"### Overview
Arranges molecular architectures or quantum states in highly coordinated geometric configurations to dramatically lower activation energy barriers.

### Why It Matters (Impact)
Unlocks access to previously unstable molecular geometries and material structures, paving the way for next-generation quantum devices.

### Mind-Blowing Fact
💡 Controlling the quantum spin polarization of electrons can increase chemical reaction efficiency by orders of magnitude without changing the temperature.",https://www.google.com/search?tbm=isch&q=Solvent-free+Quantum+Embedding+Interfaces+in+Renewable+Biomass+Upcycling,Low Popularity (Extremely Rare/Niche)
Self-healing Phononic Crystals in Sub-Autonomous Deep-Sea Vehicles,Mechanical Engineering / Thermodynamics,"### Overview
Utilizes advanced architectural configuration at micro or nano scales to manipulate structural mechanics and wave propagation properties beyond conventional material limits.

### Why It Matters (Impact)
Provides ultra-precise regulation of fluid or thermal fluxes, enabling breakthrough performance in sub-micron computing and micro-propulsion.

### Mind-Blowing Fact
💡 By controlling atomic-level vibrations, these systems can guide thermal currents along specific paths, effectively making heat turn corners.",https://www.google.com/search?tbm=isch&q=Self-healing+Phononic+Crystals+in+Sub-Autonomous+Deep-Sea+Vehicles,Low Popularity (Extremely Rare/Niche)
Micro-architected Boundary Layer Actuators in Multi-Scale Energy Scavenging,Mechanical Engineering / Fluid Dynamics,"### Overview
Integrates responsive polymer matrices or flexible smart materials with tailored geometries to achieve autonomous actuation and sensory adaptation without external computing.

### Why It Matters (Impact)
Drastically reduces weight while boosting mechanical resilience and energy dissipation capabilities for next-generation systems.

### Mind-Blowing Fact
💡 The localized structural response is so immediate that it mimics biological reflex loops, bypassing centralized electronic control delays entirely.",https://www.google.com/search?tbm=isch&q=Micro-architected+Boundary+Layer+Actuators+in+Multi-Scale+Energy+Scavenging,Moderate Popularity
Electro-hydrodynamic Viscoelastic Dampers for Adaptive Structural Shifting,Mechanical Engineering / Robotics & Control,"### Overview
Implements dynamic fluid-structure interactions or localized fields to control interfacial physics, thermal transport, or directional flow dynamics.

### Why It Matters (Impact)
Drastically reduces weight while boosting mechanical resilience and energy dissipation capabilities for next-generation systems.

### Mind-Blowing Fact
💡 These configurations can demonstrate negative Poisson's ratios, meaning they expand sideways when stretched rather than getting thinner.",https://www.google.com/search?tbm=isch&q=Electro-hydrodynamic+Viscoelastic+Dampers+for+Adaptive+Structural+Shifting,Low Popularity (Extremely Rare/Niche)
Single-atom Solid-State Electrolyte Interphases for Ultra-trace Explosive Detection,Chemistry & Chemical Engineering / Surface & Interfacial Chemistry,"### Overview
Exploits confined localized environments and tailored surface configurations to govern electronic pathways and spin states during chemical transformations.

### Why It Matters (Impact)
Enables highly selective chemical transformations with zero unwanted side-products, transforming industrial green chemistry standards.

### Mind-Blowing Fact
💡 Controlling the quantum spin polarization of electrons can increase chemical reaction efficiency by orders of magnitude without changing the temperature.",https://www.google.com/search?tbm=isch&q=Single-atom+Solid-State+Electrolyte+Interphases+for+Ultra-trace+Explosive+Detection,Low Popularity (Extremely Rare/Niche)
Solvent-free Bio-mimetic Enzyme Mimics in Chiral Pharmaceutical Separation,Chemistry & Chemical Engineering / Electrochemistry,"### Overview
Exploits confined localized environments and tailored surface configurations to govern electronic pathways and spin states during chemical transformations.

### Why It Matters (Impact)
Enables highly selective chemical transformations with zero unwanted side-products, transforming industrial green chemistry standards.

### Mind-Blowing Fact
💡 Controlling the quantum spin polarization of electrons can increase chemical reaction efficiency by orders of magnitude without changing the temperature.",https://www.google.com/search?tbm=isch&q=Solvent-free+Bio-mimetic+Enzyme+Mimics+in+Chiral+Pharmaceutical+Separation,Low Popularity (Extremely Rare/Niche)
Supramolecular Micro-flow Reactor Systems for Ultra-trace Explosive Detection,Chemistry & Chemical Engineering / Quantum Chemistry,"### Overview
Utilizes alternative energy inputs like visible light, precise mechanical forces, or localized electric fields to bypass traditional thermodynamic constraints.

### Why It Matters (Impact)
Enables highly selective chemical transformations with zero unwanted side-products, transforming industrial green chemistry standards.

### Mind-Blowing Fact
💡 Controlling the quantum spin polarization of electrons can increase chemical reaction efficiency by orders of magnitude without changing the temperature.",https://www.google.com/search?tbm=isch&q=Supramolecular+Micro-flow+Reactor+Systems+for+Ultra-trace+Explosive+Detection,Moderate Popularity
Anisotropic Triboelectric Nanogenerators for Extreme Aerospace Environments,Mechanical Engineering / Robotics & Control,"### Overview
Utilizes advanced architectural configuration at micro or nano scales to manipulate structural mechanics and wave propagation properties beyond conventional material limits.

### Why It Matters (Impact)
Bypasses traditional mechanical failure and wear modes, offering unprecedented operational lifespans in harsh or inaccessible environments.

### Mind-Blowing Fact
💡 By controlling atomic-level vibrations, these systems can guide thermal currents along specific paths, effectively making heat turn corners.",https://www.google.com/search?tbm=isch&q=Anisotropic+Triboelectric+Nanogenerators+for+Extreme+Aerospace+Environments,Moderate Popularity
Single-atom Deep Eutectic Solvents for Ultra-trace Explosive Detection,Chemistry & Chemical Engineering / Organic Synthesis,"### Overview
Exploits confined localized environments and tailored surface configurations to govern electronic pathways and spin states during chemical transformations.

### Why It Matters (Impact)
Enables highly selective chemical transformations with zero unwanted side-products, transforming industrial green chemistry standards.

### Mind-Blowing Fact
💡 Controlling the quantum spin polarization of electrons can increase chemical reaction efficiency by orders of magnitude without changing the temperature.",https://www.google.com/search?tbm=isch&q=Single-atom+Deep+Eutectic+Solvents+for+Ultra-trace+Explosive+Detection,Low Popularity (Extremely Rare/Niche)
Electrocatalytic Quantum Embedding Interfaces for Solid-State Battery Stabilization,Chemistry & Chemical Engineering / Electrochemistry,"### Overview
Arranges molecular architectures or quantum states in highly coordinated geometric configurations to dramatically lower activation energy barriers.

### Why It Matters (Impact)
Drastically accelerates sluggish reaction rates under ambient, energy-efficient conditions, eliminating the need for fossil-fueled heating.

### Mind-Blowing Fact
💡 By trapping reacting molecules in sub-nanometer cages, reactions that normally take days can be forced to occur in a fraction of a second.",https://www.google.com/search?tbm=isch&q=Electrocatalytic+Quantum+Embedding+Interfaces+for+Solid-State+Battery+Stabilization,Moderate Popularity
Photoredox-driven Covalent Organic Frameworks (COFs) for Precision Carbon Capture,Chemistry & Chemical Engineering / Organic Synthesis,"### Overview
Arranges molecular architectures or quantum states in highly coordinated geometric configurations to dramatically lower activation energy barriers.

### Why It Matters (Impact)
Enables highly selective chemical transformations with zero unwanted side-products, transforming industrial green chemistry standards.

### Mind-Blowing Fact
💡 By trapping reacting molecules in sub-nanometer cages, reactions that normally take days can be forced to occur in a fraction of a second.",https://www.google.com/search?tbm=isch&q=Photoredox-driven+Covalent+Organic+Frameworks+%28COFs%29+for+Precision+Carbon+Capture,Moderate Popularity
Self-healing Phononic Crystals for Soft Neuromorphic Robotics,Mechanical Engineering / Fluid Dynamics,"### Overview
Implements dynamic fluid-structure interactions or localized fields to control interfacial physics, thermal transport, or directional flow dynamics.

### Why It Matters (Impact)
Bypasses traditional mechanical failure and wear modes, offering unprecedented operational lifespans in harsh or inaccessible environments.

### Mind-Blowing Fact
💡 By controlling atomic-level vibrations, these systems can guide thermal currents along specific paths, effectively making heat turn corners.",https://www.google.com/search?tbm=isch&q=Self-healing+Phononic+Crystals+for+Soft+Neuromorphic+Robotics,Low Popularity (Extremely Rare/Niche)
Anisotropic Phononic Crystals in High-Flux Electronic Cooling,Mechanical Engineering / Micro/Nano Electromechanical Systems (MEMS),"### Overview
Implements dynamic fluid-structure interactions or localized fields to control interfacial physics, thermal transport, or directional flow dynamics.

### Why It Matters (Impact)
Drastically reduces weight while boosting mechanical resilience and energy dissipation capabilities for next-generation systems.

### Mind-Blowing Fact
💡 The localized structural response is so immediate that it mimics biological reflex loops, bypassing centralized electronic control delays entirely.",https://www.google.com/search?tbm=isch&q=Anisotropic+Phononic+Crystals+in+High-Flux+Electronic+Cooling,Moderate Popularity
Supramolecular Quantum Embedding Interfaces in Chiral Pharmaceutical Separation,Chemistry & Chemical Engineering / Surface & Interfacial Chemistry,"### Overview
Arranges molecular architectures or quantum states in highly coordinated geometric configurations to dramatically lower activation energy barriers.

### Why It Matters (Impact)
Unlocks access to previously unstable molecular geometries and material structures, paving the way for next-generation quantum devices.

### Mind-Blowing Fact
💡 Some of these catalysts can perform millions of complex molecular transformations before showing even a single atom of wear or degradation.",https://www.google.com/search?tbm=isch&q=Supramolecular+Quantum+Embedding+Interfaces+in+Chiral+Pharmaceutical+Separation,Moderate Popularity
Anisotropic Phononic Crystals for Extreme Aerospace Environments,Mechanical Engineering / Thermodynamics,"### Overview
Implements dynamic fluid-structure interactions or localized fields to control interfacial physics, thermal transport, or directional flow dynamics.

### Why It Matters (Impact)
Bypasses traditional mechanical failure and wear modes, offering unprecedented operational lifespans in harsh or inaccessible environments.

### Mind-Blowing Fact
💡 By controlling atomic-level vibrations, these systems can guide thermal currents along specific paths, effectively making heat turn corners.",https://www.google.com/search?tbm=isch&q=Anisotropic+Phononic+Crystals+for+Extreme+Aerospace+Environments,Low Popularity (Extremely Rare/Niche)
Magneto-rheological Metamaterial Lattices in Multi-Scale Energy Scavenging,Mechanical Engineering / Micro/Nano Electromechanical Systems (MEMS),"### Overview
Implements dynamic fluid-structure interactions or localized fields to control interfacial physics, thermal transport, or directional flow dynamics.

### Why It Matters (Impact)
Drastically reduces weight while boosting mechanical resilience and energy dissipation capabilities for next-generation systems.

### Mind-Blowing Fact
💡 By controlling atomic-level vibrations, these systems can guide thermal currents along specific paths, effectively making heat turn corners.",https://www.google.com/search?tbm=isch&q=Magneto-rheological+Metamaterial+Lattices+in+Multi-Scale+Energy+Scavenging,Low Popularity (Extremely Rare/Niche)
Supramolecular Spin-polarized Catalysts for Solid-State Battery Stabilization,Chemistry & Chemical Engineering / Organic Synthesis,"### Overview
Utilizes alternative energy inputs like visible light, precise mechanical forces, or localized electric fields to bypass traditional thermodynamic constraints.

### Why It Matters (Impact)
Unlocks access to previously unstable molecular geometries and material structures, paving the way for next-generation quantum devices.

### Mind-Blowing Fact
💡 Controlling the quantum spin polarization of electrons can increase chemical reaction efficiency by orders of magnitude without changing the temperature.",https://www.google.com/search?tbm=isch&q=Supramolecular+Spin-polarized+Catalysts+for+Solid-State+Battery+Stabilization,Low Popularity (Extremely Rare/Niche)
Electrocatalytic Micro-flow Reactor Systems in Chiral Pharmaceutical Separation,Chemistry & Chemical Engineering / Surface & Interfacial Chemistry,"### Overview
Arranges molecular architectures or quantum states in highly coordinated geometric configurations to dramatically lower activation energy barriers.

### Why It Matters (Impact)
Drastically accelerates sluggish reaction rates under ambient, energy-efficient conditions, eliminating the need for fossil-fueled heating.

### Mind-Blowing Fact
💡 Controlling the quantum spin polarization of electrons can increase chemical reaction efficiency by orders of magnitude without changing the temperature.",https://www.google.com/search?tbm=isch&q=Electrocatalytic+Micro-flow+Reactor+Systems+in+Chiral+Pharmaceutical+Separation,Moderate Popularity
Chiral-induced Quantum Embedding Interfaces in Non-Equilibrium Chemical Systems,Chemistry & Chemical Engineering / Surface & Interfacial Chemistry,"### Overview
Arranges molecular architectures or quantum states in highly coordinated geometric configurations to dramatically lower activation energy barriers.

### Why It Matters (Impact)
Drastically accelerates sluggish reaction rates under ambient, energy-efficient conditions, eliminating the need for fossil-fueled heating.

### Mind-Blowing Fact
💡 Controlling the quantum spin polarization of electrons can increase chemical reaction efficiency by orders of magnitude without changing the temperature.",https://www.google.com/search?tbm=isch&q=Chiral-induced+Quantum+Embedding+Interfaces+in+Non-Equilibrium+Chemical+Systems,Moderate Popularity
Mechanochemical Deep Eutectic Solvents in Non-Equilibrium Chemical Systems,Chemistry & Chemical Engineering / Organic Synthesis,"### Overview
Exploits confined localized environments and tailored surface configurations to govern electronic pathways and spin states during chemical transformations.

### Why It Matters (Impact)
Unlocks access to previously unstable molecular geometries and material structures, paving the way for next-generation quantum devices.

### Mind-Blowing Fact
💡 Some of these catalysts can perform millions of complex molecular transformations before showing even a single atom of wear or degradation.",https://www.google.com/search?tbm=isch&q=Mechanochemical+Deep+Eutectic+Solvents+in+Non-Equilibrium+Chemical+Systems,Low Popularity (Extremely Rare/Niche)
Topology-optimized Phononic Crystals for Soft Neuromorphic Robotics,Mechanical Engineering / Micro/Nano Electromechanical Systems (MEMS),"### Overview
Integrates responsive polymer matrices or flexible smart materials with tailored geometries to achieve autonomous actuation and sensory adaptation without external computing.

### Why It Matters (Impact)
Provides ultra-precise regulation of fluid or thermal fluxes, enabling breakthrough performance in sub-micron computing and micro-propulsion.

### Mind-Blowing Fact
💡 By controlling atomic-level vibrations, these systems can guide thermal currents along specific paths, effectively making heat turn corners.",https://www.google.com/search?tbm=isch&q=Topology-optimized+Phononic+Crystals+for+Soft+Neuromorphic+Robotics,Moderate Popularity
Supracritical Covalent Organic Frameworks (COFs) in Targeted C-H Activation,Chemistry & Chemical Engineering / Electrochemistry,"### Overview
Exploits confined localized environments and tailored surface configurations to govern electronic pathways and spin states during chemical transformations.

### Why It Matters (Impact)
Enables highly selective chemical transformations with zero unwanted side-products, transforming industrial green chemistry standards.

### Mind-Blowing Fact
💡 Controlling the quantum spin polarization of electrons can increase chemical reaction efficiency by orders of magnitude without changing the temperature.",https://www.google.com/search?tbm=isch&q=Supracritical+Covalent+Organic+Frameworks+%28COFs%29+in+Targeted+C-H+Activation,Moderate Popularity
Mechanochemical Plasmonic Nanostructures in Non-Equilibrium Chemical Systems,Chemistry & Chemical Engineering / Surface & Interfacial Chemistry,"### Overview
Exploits confined localized environments and tailored surface configurations to govern electronic pathways and spin states during chemical transformations.

### Why It Matters (Impact)
Unlocks access to previously unstable molecular geometries and material structures, paving the way for next-generation quantum devices.

### Mind-Blowing Fact
💡 Some of these catalysts can perform millions of complex molecular transformations before showing even a single atom of wear or degradation.",https://www.google.com/search?tbm=isch&q=Mechanochemical+Plasmonic+Nanostructures+in+Non-Equilibrium+Chemical+Systems,Low Popularity (Extremely Rare/Niche)
Electrocatalytic Deep Eutectic Solvents for Solid-State Battery Stabilization,Chemistry & Chemical Engineering / Electrochemistry,"### Overview
Arranges molecular architectures or quantum states in highly coordinated geometric configurations to dramatically lower activation energy barriers.

### Why It Matters (Impact)
Enables highly selective chemical transformations with zero unwanted side-products, transforming industrial green chemistry standards.

### Mind-Blowing Fact
💡 Some of these catalysts can perform millions of complex molecular transformations before showing even a single atom of wear or degradation.",https://www.google.com/search?tbm=isch&q=Electrocatalytic+Deep+Eutectic+Solvents+for+Solid-State+Battery+Stabilization,Moderate Popularity
Solvent-free Spin-polarized Catalysts in Chiral Pharmaceutical Separation,Chemistry & Chemical Engineering / Quantum Chemistry,"### Overview
Arranges molecular architectures or quantum states in highly coordinated geometric configurations to dramatically lower activation energy barriers.

### Why It Matters (Impact)
Unlocks access to previously unstable molecular geometries and material structures, paving the way for next-generation quantum devices.

### Mind-Blowing Fact
💡 Controlling the quantum spin polarization of electrons can increase chemical reaction efficiency by orders of magnitude without changing the temperature.",https://www.google.com/search?tbm=isch&q=Solvent-free+Spin-polarized+Catalysts+in+Chiral+Pharmaceutical+Separation,Low Popularity (Extremely Rare/Niche)
Heterogeneous Deep Eutectic Solvents in Chiral Pharmaceutical Separation,Chemistry & Chemical Engineering / Quantum Chemistry,"### Overview
Exploits confined localized environments and tailored surface configurations to govern electronic pathways and spin states during chemical transformations.

### Why It Matters (Impact)
Enables highly selective chemical transformations with zero unwanted side-products, transforming industrial green chemistry standards.

### Mind-Blowing Fact
💡 Controlling the quantum spin polarization of electrons can increase chemical reaction efficiency by orders of magnitude without changing the temperature.",https://www.google.com/search?tbm=isch&q=Heterogeneous+Deep+Eutectic+Solvents+in+Chiral+Pharmaceutical+Separation,Moderate Popularity
Asymmetric Metamaterial Lattices in Sub-Autonomous Deep-Sea Vehicles,Mechanical Engineering / Thermodynamics,"### Overview
Integrates responsive polymer matrices or flexible smart materials with tailored geometries to achieve autonomous actuation and sensory adaptation without external computing.

### Why It Matters (Impact)
Drastically reduces weight while boosting mechanical resilience and energy dissipation capabilities for next-generation systems.

### Mind-Blowing Fact
💡 The localized structural response is so immediate that it mimics biological reflex loops, bypassing centralized electronic control delays entirely.",https://www.google.com/search?tbm=isch&q=Asymmetric+Metamaterial+Lattices+in+Sub-Autonomous+Deep-Sea+Vehicles,Low Popularity (Extremely Rare/Niche)
Anisotropic Compliant Mechanisms for Adaptive Structural Shifting,Mechanical Engineering / Solid Mechanics,"### Overview
Implements dynamic fluid-structure interactions or localized fields to control interfacial physics, thermal transport, or directional flow dynamics.

### Why It Matters (Impact)
Provides ultra-precise regulation of fluid or thermal fluxes, enabling breakthrough performance in sub-micron computing and micro-propulsion.

### Mind-Blowing Fact
💡 By controlling atomic-level vibrations, these systems can guide thermal currents along specific paths, effectively making heat turn corners.",https://www.google.com/search?tbm=isch&q=Anisotropic+Compliant+Mechanisms+for+Adaptive+Structural+Shifting,Moderate Popularity
Self-healing Phononic Crystals for Micro-Vibration Isolation,Mechanical Engineering / Thermodynamics,"### Overview
Implements dynamic fluid-structure interactions or localized fields to control interfacial physics, thermal transport, or directional flow dynamics.

### Why It Matters (Impact)
Provides ultra-precise regulation of fluid or thermal fluxes, enabling breakthrough performance in sub-micron computing and micro-propulsion.

### Mind-Blowing Fact
💡 These configurations can demonstrate negative Poisson's ratios, meaning they expand sideways when stretched rather than getting thinner.",https://www.google.com/search?tbm=isch&q=Self-healing+Phononic+Crystals+for+Micro-Vibration+Isolation,Moderate Popularity
Anisotropic Compliant Mechanisms for Micro-Vibration Isolation,Mechanical Engineering / Fluid Dynamics,"### Overview
Utilizes advanced architectural configuration at micro or nano scales to manipulate structural mechanics and wave propagation properties beyond conventional material limits.

### Why It Matters (Impact)
Drastically reduces weight while boosting mechanical resilience and energy dissipation capabilities for next-generation systems.

### Mind-Blowing Fact
💡 The localized structural response is so immediate that it mimics biological reflex loops, bypassing centralized electronic control delays entirely.",https://www.google.com/search?tbm=isch&q=Anisotropic+Compliant+Mechanisms+for+Micro-Vibration+Isolation,Low Popularity (Extremely Rare/Niche)
Electro-hydrodynamic Soft Robotic Actuators for Adaptive Structural Shifting,Mechanical Engineering / Micro/Nano Electromechanical Systems (MEMS),"### Overview
Implements dynamic fluid-structure interactions or localized fields to control interfacial physics, thermal transport, or directional flow dynamics.

### Why It Matters (Impact)
Bypasses traditional mechanical failure and wear modes, offering unprecedented operational lifespans in harsh or inaccessible environments.

### Mind-Blowing Fact
💡 By controlling atomic-level vibrations, these systems can guide thermal currents along specific paths, effectively making heat turn corners.",https://www.google.com/search?tbm=isch&q=Electro-hydrodynamic+Soft+Robotic+Actuators+for+Adaptive+Structural+Shifting,Low Popularity (Extremely Rare/Niche)
Non-linear Boundary Layer Actuators for Soft Neuromorphic Robotics,Mechanical Engineering / Micro/Nano Electromechanical Systems (MEMS),"### Overview
Implements dynamic fluid-structure interactions or localized fields to control interfacial physics, thermal transport, or directional flow dynamics.

### Why It Matters (Impact)
Bypasses traditional mechanical failure and wear modes, offering unprecedented operational lifespans in harsh or inaccessible environments.

### Mind-Blowing Fact
💡 These configurations can demonstrate negative Poisson's ratios, meaning they expand sideways when stretched rather than getting thinner.",https://www.google.com/search?tbm=isch&q=Non-linear+Boundary+Layer+Actuators+for+Soft+Neuromorphic+Robotics,Moderate Popularity
Cryogenic Phononic Crystals in High-Flux Electronic Cooling,Mechanical Engineering / Fluid Dynamics,"### Overview
Utilizes advanced architectural configuration at micro or nano scales to manipulate structural mechanics and wave propagation properties beyond conventional material limits.

### Why It Matters (Impact)
Provides ultra-precise regulation of fluid or thermal fluxes, enabling breakthrough performance in sub-micron computing and micro-propulsion.

### Mind-Blowing Fact
💡 By controlling atomic-level vibrations, these systems can guide thermal currents along specific paths, effectively making heat turn corners.",https://www.google.com/search?tbm=isch&q=Cryogenic+Phononic+Crystals+in+High-Flux+Electronic+Cooling,Low Popularity (Extremely Rare/Niche)
Heterogeneous Deep Eutectic Solvents for Solid-State Battery Stabilization,Chemistry & Chemical Engineering / Quantum Chemistry,"### Overview
Utilizes alternative energy inputs like visible light, precise mechanical forces, or localized electric fields to bypass traditional thermodynamic constraints.

### Why It Matters (Impact)
Drastically accelerates sluggish reaction rates under ambient, energy-efficient conditions, eliminating the need for fossil-fueled heating.

### Mind-Blowing Fact
💡 By trapping reacting molecules in sub-nanometer cages, reactions that normally take days can be forced to occur in a fraction of a second.",https://www.google.com/search?tbm=isch&q=Heterogeneous+Deep+Eutectic+Solvents+for+Solid-State+Battery+Stabilization,Moderate Popularity
Heterogeneous Quantum Embedding Interfaces in Targeted C-H Activation,Chemistry & Chemical Engineering / Surface & Interfacial Chemistry,"### Overview
Utilizes alternative energy inputs like visible light, precise mechanical forces, or localized electric fields to bypass traditional thermodynamic constraints.

### Why It Matters (Impact)
Enables highly selective chemical transformations with zero unwanted side-products, transforming industrial green chemistry standards.

### Mind-Blowing Fact
💡 Some of these catalysts can perform millions of complex molecular transformations before showing even a single atom of wear or degradation.",https://www.google.com/search?tbm=isch&q=Heterogeneous+Quantum+Embedding+Interfaces+in+Targeted+C-H+Activation,Moderate Popularity
Photoredox-driven Covalent Organic Frameworks (COFs) for High-Density Green Hydrogen Production,Chemistry & Chemical Engineering / Organic Synthesis,"### Overview
Exploits confined localized environments and tailored surface configurations to govern electronic pathways and spin states during chemical transformations.

### Why It Matters (Impact)
Unlocks access to previously unstable molecular geometries and material structures, paving the way for next-generation quantum devices.

### Mind-Blowing Fact
💡 Some of these catalysts can perform millions of complex molecular transformations before showing even a single atom of wear or degradation.",https://www.google.com/search?tbm=isch&q=Photoredox-driven+Covalent+Organic+Frameworks+%28COFs%29+for+High-Density+Green+Hydrogen+Production,Low Popularity (Extremely Rare/Niche)
Supracritical Deep Eutectic Solvents for Ultra-trace Explosive Detection,Chemistry & Chemical Engineering / Quantum Chemistry,"### Overview
Exploits confined localized environments and tailored surface configurations to govern electronic pathways and spin states during chemical transformations.

### Why It Matters (Impact)
Unlocks access to previously unstable molecular geometries and material structures, paving the way for next-generation quantum devices.

### Mind-Blowing Fact
💡 Some of these catalysts can perform millions of complex molecular transformations before showing even a single atom of wear or degradation.",https://www.google.com/search?tbm=isch&q=Supracritical+Deep+Eutectic+Solvents+for+Ultra-trace+Explosive+Detection,Low Popularity (Extremely Rare/Niche)
Chiral-induced Covalent Organic Frameworks (COFs) for Ultra-trace Explosive Detection,Chemistry & Chemical Engineering / Quantum Chemistry,"### Overview
Utilizes alternative energy inputs like visible light, precise mechanical forces, or localized electric fields to bypass traditional thermodynamic constraints.

### Why It Matters (Impact)
Drastically accelerates sluggish reaction rates under ambient, energy-efficient conditions, eliminating the need for fossil-fueled heating.

### Mind-Blowing Fact
💡 Some of these catalysts can perform millions of complex molecular transformations before showing even a single atom of wear or degradation.",https://www.google.com/search?tbm=isch&q=Chiral-induced+Covalent+Organic+Frameworks+%28COFs%29+for+Ultra-trace+Explosive+Detection,Low Popularity (Extremely Rare/Niche)
Topology-optimized Triboelectric Nanogenerators for Extreme Aerospace Environments,Mechanical Engineering / Solid Mechanics,"### Overview
Integrates responsive polymer matrices or flexible smart materials with tailored geometries to achieve autonomous actuation and sensory adaptation without external computing.

### Why It Matters (Impact)
Provides ultra-precise regulation of fluid or thermal fluxes, enabling breakthrough performance in sub-micron computing and micro-propulsion.

### Mind-Blowing Fact
💡 The localized structural response is so immediate that it mimics biological reflex loops, bypassing centralized electronic control delays entirely.",https://www.google.com/search?tbm=isch&q=Topology-optimized+Triboelectric+Nanogenerators+for+Extreme+Aerospace+Environments,Moderate Popularity
Cryogenic Soft Robotic Actuators in Sub-Autonomous Deep-Sea Vehicles,Mechanical Engineering / Robotics & Control,"### Overview
Utilizes advanced architectural configuration at micro or nano scales to manipulate structural mechanics and wave propagation properties beyond conventional material limits.

### Why It Matters (Impact)
Bypasses traditional mechanical failure and wear modes, offering unprecedented operational lifespans in harsh or inaccessible environments.

### Mind-Blowing Fact
💡 By controlling atomic-level vibrations, these systems can guide thermal currents along specific paths, effectively making heat turn corners.",https://www.google.com/search?tbm=isch&q=Cryogenic+Soft+Robotic+Actuators+in+Sub-Autonomous+Deep-Sea+Vehicles,Low Popularity (Extremely Rare/Niche)
Magneto-rheological Thermoelectric Harvesters for High-Precision Vascular Navigation,Mechanical Engineering / Robotics & Control,"### Overview
Implements dynamic fluid-structure interactions or localized fields to control interfacial physics, thermal transport, or directional flow dynamics.

### Why It Matters (Impact)
Bypasses traditional mechanical failure and wear modes, offering unprecedented operational lifespans in harsh or inaccessible environments.

### Mind-Blowing Fact
💡 These configurations can demonstrate negative Poisson's ratios, meaning they expand sideways when stretched rather than getting thinner.",https://www.google.com/search?tbm=isch&q=Magneto-rheological+Thermoelectric+Harvesters+for+High-Precision+Vascular+Navigation,Moderate Popularity
Non-linear Viscoelastic Dampers in Sub-Autonomous Deep-Sea Vehicles,Mechanical Engineering / Robotics & Control,"### Overview
Implements dynamic fluid-structure interactions or localized fields to control interfacial physics, thermal transport, or directional flow dynamics.

### Why It Matters (Impact)
Drastically reduces weight while boosting mechanical resilience and energy dissipation capabilities for next-generation systems.

### Mind-Blowing Fact
💡 By controlling atomic-level vibrations, these systems can guide thermal currents along specific paths, effectively making heat turn corners.",https://www.google.com/search?tbm=isch&q=Non-linear+Viscoelastic+Dampers+in+Sub-Autonomous+Deep-Sea+Vehicles,Moderate Popularity
Single-atom Bimetallic Nanoclusters in Non-Equilibrium Chemical Systems,Chemistry & Chemical Engineering / Electrochemistry,"### Overview
Utilizes alternative energy inputs like visible light, precise mechanical forces, or localized electric fields to bypass traditional thermodynamic constraints.

### Why It Matters (Impact)
Drastically accelerates sluggish reaction rates under ambient, energy-efficient conditions, eliminating the need for fossil-fueled heating.

### Mind-Blowing Fact
💡 Some of these catalysts can perform millions of complex molecular transformations before showing even a single atom of wear or degradation.",https://www.google.com/search?tbm=isch&q=Single-atom+Bimetallic+Nanoclusters+in+Non-Equilibrium+Chemical+Systems,Low Popularity (Extremely Rare/Niche)
Bio-inspired Capillary Interfaces in High-Flux Electronic Cooling,Mechanical Engineering / Fluid Dynamics,"### Overview
Implements dynamic fluid-structure interactions or localized fields to control interfacial physics, thermal transport, or directional flow dynamics.

### Why It Matters (Impact)
Provides ultra-precise regulation of fluid or thermal fluxes, enabling breakthrough performance in sub-micron computing and micro-propulsion.

### Mind-Blowing Fact
💡 The localized structural response is so immediate that it mimics biological reflex loops, bypassing centralized electronic control delays entirely.",https://www.google.com/search?tbm=isch&q=Bio-inspired+Capillary+Interfaces+in+High-Flux+Electronic+Cooling,Low Popularity (Extremely Rare/Niche)
Anisotropic Boundary Layer Actuators in High-Flux Electronic Cooling,Mechanical Engineering / Solid Mechanics,"### Overview
Implements dynamic fluid-structure interactions or localized fields to control interfacial physics, thermal transport, or directional flow dynamics.

### Why It Matters (Impact)
Bypasses traditional mechanical failure and wear modes, offering unprecedented operational lifespans in harsh or inaccessible environments.

### Mind-Blowing Fact
💡 These configurations can demonstrate negative Poisson's ratios, meaning they expand sideways when stretched rather than getting thinner.",https://www.google.com/search?tbm=isch&q=Anisotropic+Boundary+Layer+Actuators+in+High-Flux+Electronic+Cooling,Low Popularity (Extremely Rare/Niche)
Non-linear Soft Robotic Actuators for Micro-Vibration Isolation,Mechanical Engineering / Fluid Dynamics,"### Overview
Integrates responsive polymer matrices or flexible smart materials with tailored geometries to achieve autonomous actuation and sensory adaptation without external computing.

### Why It Matters (Impact)
Drastically reduces weight while boosting mechanical resilience and energy dissipation capabilities for next-generation systems.

### Mind-Blowing Fact
💡 By controlling atomic-level vibrations, these systems can guide thermal currents along specific paths, effectively making heat turn corners.",https://www.google.com/search?tbm=isch&q=Non-linear+Soft+Robotic+Actuators+for+Micro-Vibration+Isolation,Low Popularity (Extremely Rare/Niche)
Supracritical Plasmonic Nanostructures in Chiral Pharmaceutical Separation,Chemistry & Chemical Engineering / Electrochemistry,"### Overview
Exploits confined localized environments and tailored surface configurations to govern electronic pathways and spin states during chemical transformations.

### Why It Matters (Impact)
Unlocks access to previously unstable molecular geometries and material structures, paving the way for next-generation quantum devices.

### Mind-Blowing Fact
💡 By trapping reacting molecules in sub-nanometer cages, reactions that normally take days can be forced to occur in a fraction of a second.",https://www.google.com/search?tbm=isch&q=Supracritical+Plasmonic+Nanostructures+in+Chiral+Pharmaceutical+Separation,Low Popularity (Extremely Rare/Niche)
Cryogenic Microfluidic Channels for Micro-Vibration Isolation,Mechanical Engineering / Micro/Nano Electromechanical Systems (MEMS),"### Overview
Implements dynamic fluid-structure interactions or localized fields to control interfacial physics, thermal transport, or directional flow dynamics.

### Why It Matters (Impact)
Provides ultra-precise regulation of fluid or thermal fluxes, enabling breakthrough performance in sub-micron computing and micro-propulsion.

### Mind-Blowing Fact
💡 By controlling atomic-level vibrations, these systems can guide thermal currents along specific paths, effectively making heat turn corners.",https://www.google.com/search?tbm=isch&q=Cryogenic+Microfluidic+Channels+for+Micro-Vibration+Isolation,Low Popularity (Extremely Rare/Niche)
Bio-inspired Triboelectric Nanogenerators for Adaptive Structural Shifting,Mechanical Engineering / Thermodynamics,"### Overview
Utilizes advanced architectural configuration at micro or nano scales to manipulate structural mechanics and wave propagation properties beyond conventional material limits.

### Why It Matters (Impact)
Provides ultra-precise regulation of fluid or thermal fluxes, enabling breakthrough performance in sub-micron computing and micro-propulsion.

### Mind-Blowing Fact
💡 The localized structural response is so immediate that it mimics biological reflex loops, bypassing centralized electronic control delays entirely.",https://www.google.com/search?tbm=isch&q=Bio-inspired+Triboelectric+Nanogenerators+for+Adaptive+Structural+Shifting,Low Popularity (Extremely Rare/Niche)
Solvent-free Bio-mimetic Enzyme Mimics for Ultra-trace Explosive Detection,Chemistry & Chemical Engineering / Catalysis & Kinetics,"### Overview
Exploits confined localized environments and tailored surface configurations to govern electronic pathways and spin states during chemical transformations.

### Why It Matters (Impact)
Drastically accelerates sluggish reaction rates under ambient, energy-efficient conditions, eliminating the need for fossil-fueled heating.

### Mind-Blowing Fact
💡 By trapping reacting molecules in sub-nanometer cages, reactions that normally take days can be forced to occur in a fraction of a second.",https://www.google.com/search?tbm=isch&q=Solvent-free+Bio-mimetic+Enzyme+Mimics+for+Ultra-trace+Explosive+Detection,Moderate Popularity
Supramolecular Covalent Organic Frameworks (COFs) in Non-Equilibrium Chemical Systems,Chemistry & Chemical Engineering / Organic Synthesis,"### Overview
Utilizes alternative energy inputs like visible light, precise mechanical forces, or localized electric fields to bypass traditional thermodynamic constraints.

### Why It Matters (Impact)
Drastically accelerates sluggish reaction rates under ambient, energy-efficient conditions, eliminating the need for fossil-fueled heating.

### Mind-Blowing Fact
💡 Some of these catalysts can perform millions of complex molecular transformations before showing even a single atom of wear or degradation.",https://www.google.com/search?tbm=isch&q=Supramolecular+Covalent+Organic+Frameworks+%28COFs%29+in+Non-Equilibrium+Chemical+Systems,Low Popularity (Extremely Rare/Niche)
Supracritical Covalent Organic Frameworks (COFs) for High-Density Green Hydrogen Production,Chemistry & Chemical Engineering / Organic Synthesis,"### Overview
Utilizes alternative energy inputs like visible light, precise mechanical forces, or localized electric fields to bypass traditional thermodynamic constraints.

### Why It Matters (Impact)
Unlocks access to previously unstable molecular geometries and material structures, paving the way for next-generation quantum devices.

### Mind-Blowing Fact
💡 Controlling the quantum spin polarization of electrons can increase chemical reaction efficiency by orders of magnitude without changing the temperature.",https://www.google.com/search?tbm=isch&q=Supracritical+Covalent+Organic+Frameworks+%28COFs%29+for+High-Density+Green+Hydrogen+Production,Moderate Popularity
Solvent-free Plasmonic Nanostructures for Precision Carbon Capture,Chemistry & Chemical Engineering / Quantum Chemistry,"### Overview
Utilizes alternative energy inputs like visible light, precise mechanical forces, or localized electric fields to bypass traditional thermodynamic constraints.

### Why It Matters (Impact)
Enables highly selective chemical transformations with zero unwanted side-products, transforming industrial green chemistry standards.

### Mind-Blowing Fact
💡 Controlling the quantum spin polarization of electrons can increase chemical reaction efficiency by orders of magnitude without changing the temperature.",https://www.google.com/search?tbm=isch&q=Solvent-free+Plasmonic+Nanostructures+for+Precision+Carbon+Capture,Moderate Popularity
Bio-inspired Viscoelastic Dampers in Multi-Scale Energy Scavenging,Mechanical Engineering / Robotics & Control,"### Overview
Integrates responsive polymer matrices or flexible smart materials with tailored geometries to achieve autonomous actuation and sensory adaptation without external computing.

### Why It Matters (Impact)
Drastically reduces weight while boosting mechanical resilience and energy dissipation capabilities for next-generation systems.

### Mind-Blowing Fact
💡 By controlling atomic-level vibrations, these systems can guide thermal currents along specific paths, effectively making heat turn corners.",https://www.google.com/search?tbm=isch&q=Bio-inspired+Viscoelastic+Dampers+in+Multi-Scale+Energy+Scavenging,Low Popularity (Extremely Rare/Niche)
Solvent-free Covalent Organic Frameworks (COFs) in Targeted C-H Activation,Chemistry & Chemical Engineering / Electrochemistry,"### Overview
Arranges molecular architectures or quantum states in highly coordinated geometric configurations to dramatically lower activation energy barriers.

### Why It Matters (Impact)
Unlocks access to previously unstable molecular geometries and material structures, paving the way for next-generation quantum devices.

### Mind-Blowing Fact
💡 Some of these catalysts can perform millions of complex molecular transformations before showing even a single atom of wear or degradation.",https://www.google.com/search?tbm=isch&q=Solvent-free+Covalent+Organic+Frameworks+%28COFs%29+in+Targeted+C-H+Activation,Low Popularity (Extremely Rare/Niche)
Electro-hydrodynamic Phononic Crystals for Micro-Vibration Isolation,Mechanical Engineering / Solid Mechanics,"### Overview
Implements dynamic fluid-structure interactions or localized fields to control interfacial physics, thermal transport, or directional flow dynamics.

### Why It Matters (Impact)
Drastically reduces weight while boosting mechanical resilience and energy dissipation capabilities for next-generation systems.

### Mind-Blowing Fact
💡 The localized structural response is so immediate that it mimics biological reflex loops, bypassing centralized electronic control delays entirely.",https://www.google.com/search?tbm=isch&q=Electro-hydrodynamic+Phononic+Crystals+for+Micro-Vibration+Isolation,Low Popularity (Extremely Rare/Niche)
Magneto-rheological Metamaterial Lattices in Sub-Autonomous Deep-Sea Vehicles,Mechanical Engineering / Solid Mechanics,"### Overview
Implements dynamic fluid-structure interactions or localized fields to control interfacial physics, thermal transport, or directional flow dynamics.

### Why It Matters (Impact)
Provides ultra-precise regulation of fluid or thermal fluxes, enabling breakthrough performance in sub-micron computing and micro-propulsion.

### Mind-Blowing Fact
💡 By controlling atomic-level vibrations, these systems can guide thermal currents along specific paths, effectively making heat turn corners.",https://www.google.com/search?tbm=isch&q=Magneto-rheological+Metamaterial+Lattices+in+Sub-Autonomous+Deep-Sea+Vehicles,Moderate Popularity
Electro-hydrodynamic Triboelectric Nanogenerators in High-Flux Electronic Cooling,Mechanical Engineering / Micro/Nano Electromechanical Systems (MEMS),"### Overview
Utilizes advanced architectural configuration at micro or nano scales to manipulate structural mechanics and wave propagation properties beyond conventional material limits.

### Why It Matters (Impact)
Drastically reduces weight while boosting mechanical resilience and energy dissipation capabilities for next-generation systems.

### Mind-Blowing Fact
💡 These configurations can demonstrate negative Poisson's ratios, meaning they expand sideways when stretched rather than getting thinner.",https://www.google.com/search?tbm=isch&q=Electro-hydrodynamic+Triboelectric+Nanogenerators+in+High-Flux+Electronic+Cooling,Low Popularity (Extremely Rare/Niche)
Anisotropic Microfluidic Channels for Soft Neuromorphic Robotics,Mechanical Engineering / Robotics & Control,"### Overview
Implements dynamic fluid-structure interactions or localized fields to control interfacial physics, thermal transport, or directional flow dynamics.

### Why It Matters (Impact)
Bypasses traditional mechanical failure and wear modes, offering unprecedented operational lifespans in harsh or inaccessible environments.

### Mind-Blowing Fact
💡 By controlling atomic-level vibrations, these systems can guide thermal currents along specific paths, effectively making heat turn corners.",https://www.google.com/search?tbm=isch&q=Anisotropic+Microfluidic+Channels+for+Soft+Neuromorphic+Robotics,Low Popularity (Extremely Rare/Niche)
Supracritical Deep Eutectic Solvents for High-Density Green Hydrogen Production,Chemistry & Chemical Engineering / Quantum Chemistry,"### Overview
Arranges molecular architectures or quantum states in highly coordinated geometric configurations to dramatically lower activation energy barriers.

### Why It Matters (Impact)
Drastically accelerates sluggish reaction rates under ambient, energy-efficient conditions, eliminating the need for fossil-fueled heating.

### Mind-Blowing Fact
💡 Controlling the quantum spin polarization of electrons can increase chemical reaction efficiency by orders of magnitude without changing the temperature.",https://www.google.com/search?tbm=isch&q=Supracritical+Deep+Eutectic+Solvents+for+High-Density+Green+Hydrogen+Production,Low Popularity (Extremely Rare/Niche)
Supracritical Deep Eutectic Solvents in Chiral Pharmaceutical Separation,Chemistry & Chemical Engineering / Catalysis & Kinetics,"### Overview
Exploits confined localized environments and tailored surface configurations to govern electronic pathways and spin states during chemical transformations.

### Why It Matters (Impact)
Drastically accelerates sluggish reaction rates under ambient, energy-efficient conditions, eliminating the need for fossil-fueled heating.

### Mind-Blowing Fact
💡 By trapping reacting molecules in sub-nanometer cages, reactions that normally take days can be forced to occur in a fraction of a second.",https://www.google.com/search?tbm=isch&q=Supracritical+Deep+Eutectic+Solvents+in+Chiral+Pharmaceutical+Separation,Moderate Popularity
Mechanochemical Solid-State Electrolyte Interphases for Solid-State Battery Stabilization,Chemistry & Chemical Engineering / Surface & Interfacial Chemistry,"### Overview
Utilizes alternative energy inputs like visible light, precise mechanical forces, or localized electric fields to bypass traditional thermodynamic constraints.

### Why It Matters (Impact)
Drastically accelerates sluggish reaction rates under ambient, energy-efficient conditions, eliminating the need for fossil-fueled heating.

### Mind-Blowing Fact
💡 By trapping reacting molecules in sub-nanometer cages, reactions that normally take days can be forced to occur in a fraction of a second.",https://www.google.com/search?tbm=isch&q=Mechanochemical+Solid-State+Electrolyte+Interphases+for+Solid-State+Battery+Stabilization,Low Popularity (Extremely Rare/Niche)
Chiral-induced Covalent Organic Frameworks (COFs) in Renewable Biomass Upcycling,Chemistry & Chemical Engineering / Quantum Chemistry,"### Overview
Exploits confined localized environments and tailored surface configurations to govern electronic pathways and spin states during chemical transformations.

### Why It Matters (Impact)
Enables highly selective chemical transformations with zero unwanted side-products, transforming industrial green chemistry standards.

### Mind-Blowing Fact
💡 Some of these catalysts can perform millions of complex molecular transformations before showing even a single atom of wear or degradation.",https://www.google.com/search?tbm=isch&q=Chiral-induced+Covalent+Organic+Frameworks+%28COFs%29+in+Renewable+Biomass+Upcycling,Low Popularity (Extremely Rare/Niche)
Anisotropic Compliant Mechanisms in High-Flux Electronic Cooling,Mechanical Engineering / Fluid Dynamics,"### Overview
Integrates responsive polymer matrices or flexible smart materials with tailored geometries to achieve autonomous actuation and sensory adaptation without external computing.

### Why It Matters (Impact)
Drastically reduces weight while boosting mechanical resilience and energy dissipation capabilities for next-generation systems.

### Mind-Blowing Fact
💡 The localized structural response is so immediate that it mimics biological reflex loops, bypassing centralized electronic control delays entirely.",https://www.google.com/search?tbm=isch&q=Anisotropic+Compliant+Mechanisms+in+High-Flux+Electronic+Cooling,Moderate Popularity
Single-atom Solid-State Electrolyte Interphases in Non-Equilibrium Chemical Systems,Chemistry & Chemical Engineering / Electrochemistry,"### Overview
Utilizes alternative energy inputs like visible light, precise mechanical forces, or localized electric fields to bypass traditional thermodynamic constraints.

### Why It Matters (Impact)
Enables highly selective chemical transformations with zero unwanted side-products, transforming industrial green chemistry standards.

### Mind-Blowing Fact
💡 By trapping reacting molecules in sub-nanometer cages, reactions that normally take days can be forced to occur in a fraction of a second.",https://www.google.com/search?tbm=isch&q=Single-atom+Solid-State+Electrolyte+Interphases+in+Non-Equilibrium+Chemical+Systems,Low Popularity (Extremely Rare/Niche)
Enantioselective Bimetallic Nanoclusters for High-Density Green Hydrogen Production,Chemistry & Chemical Engineering / Electrochemistry,"### Overview
Utilizes alternative energy inputs like visible light, precise mechanical forces, or localized electric fields to bypass traditional thermodynamic constraints.

### Why It Matters (Impact)
Drastically accelerates sluggish reaction rates under ambient, energy-efficient conditions, eliminating the need for fossil-fueled heating.

### Mind-Blowing Fact
💡 Some of these catalysts can perform millions of complex molecular transformations before showing even a single atom of wear or degradation.",https://www.google.com/search?tbm=isch&q=Enantioselective+Bimetallic+Nanoclusters+for+High-Density+Green+Hydrogen+Production,Low Popularity (Extremely Rare/Niche)
Self-healing Compliant Mechanisms for High-Precision Vascular Navigation,Mechanical Engineering / Thermodynamics,"### Overview
Utilizes advanced architectural configuration at micro or nano scales to manipulate structural mechanics and wave propagation properties beyond conventional material limits.

### Why It Matters (Impact)
Provides ultra-precise regulation of fluid or thermal fluxes, enabling breakthrough performance in sub-micron computing and micro-propulsion.

### Mind-Blowing Fact
💡 These configurations can demonstrate negative Poisson's ratios, meaning they expand sideways when stretched rather than getting thinner.",https://www.google.com/search?tbm=isch&q=Self-healing+Compliant+Mechanisms+for+High-Precision+Vascular+Navigation,Moderate Popularity
Cryogenic Viscoelastic Dampers for Micro-Vibration Isolation,Mechanical Engineering / Robotics & Control,"### Overview
Implements dynamic fluid-structure interactions or localized fields to control interfacial physics, thermal transport, or directional flow dynamics.

### Why It Matters (Impact)
Drastically reduces weight while boosting mechanical resilience and energy dissipation capabilities for next-generation systems.

### Mind-Blowing Fact
💡 By controlling atomic-level vibrations, these systems can guide thermal currents along specific paths, effectively making heat turn corners.",https://www.google.com/search?tbm=isch&q=Cryogenic+Viscoelastic+Dampers+for+Micro-Vibration+Isolation,Moderate Popularity
Electrocatalytic Solid-State Electrolyte Interphases for Ultra-trace Explosive Detection,Chemistry & Chemical Engineering / Catalysis & Kinetics,"### Overview
Utilizes alternative energy inputs like visible light, precise mechanical forces, or localized electric fields to bypass traditional thermodynamic constraints.

### Why It Matters (Impact)
Drastically accelerates sluggish reaction rates under ambient, energy-efficient conditions, eliminating the need for fossil-fueled heating.

### Mind-Blowing Fact
💡 By trapping reacting molecules in sub-nanometer cages, reactions that normally take days can be forced to occur in a fraction of a second.",https://www.google.com/search?tbm=isch&q=Electrocatalytic+Solid-State+Electrolyte+Interphases+for+Ultra-trace+Explosive+Detection,Moderate Popularity
Chiral-induced Bio-mimetic Enzyme Mimics in Non-Equilibrium Chemical Systems,Chemistry & Chemical Engineering / Quantum Chemistry,"### Overview
Utilizes alternative energy inputs like visible light, precise mechanical forces, or localized electric fields to bypass traditional thermodynamic constraints.

### Why It Matters (Impact)
Enables highly selective chemical transformations with zero unwanted side-products, transforming industrial green chemistry standards.

### Mind-Blowing Fact
💡 Some of these catalysts can perform millions of complex molecular transformations before showing even a single atom of wear or degradation.",https://www.google.com/search?tbm=isch&q=Chiral-induced+Bio-mimetic+Enzyme+Mimics+in+Non-Equilibrium+Chemical+Systems,Moderate Popularity
Supramolecular Transition Metal Complexes for High-Density Green Hydrogen Production,Chemistry & Chemical Engineering / Catalysis & Kinetics,"### Overview
Arranges molecular architectures or quantum states in highly coordinated geometric configurations to dramatically lower activation energy barriers.

### Why It Matters (Impact)
Enables highly selective chemical transformations with zero unwanted side-products, transforming industrial green chemistry standards.

### Mind-Blowing Fact
💡 Controlling the quantum spin polarization of electrons can increase chemical reaction efficiency by orders of magnitude without changing the temperature.",https://www.google.com/search?tbm=isch&q=Supramolecular+Transition+Metal+Complexes+for+High-Density+Green+Hydrogen+Production,Low Popularity (Extremely Rare/Niche)
Topology-optimized Capillary Interfaces in High-Flux Electronic Cooling,Mechanical Engineering / Solid Mechanics,"### Overview
Implements dynamic fluid-structure interactions or localized fields to control interfacial physics, thermal transport, or directional flow dynamics.

### Why It Matters (Impact)
Provides ultra-precise regulation of fluid or thermal fluxes, enabling breakthrough performance in sub-micron computing and micro-propulsion.

### Mind-Blowing Fact
💡 By controlling atomic-level vibrations, these systems can guide thermal currents along specific paths, effectively making heat turn corners.",https://www.google.com/search?tbm=isch&q=Topology-optimized+Capillary+Interfaces+in+High-Flux+Electronic+Cooling,Low Popularity (Extremely Rare/Niche)
Non-linear Soft Robotic Actuators in Multi-Scale Energy Scavenging,Mechanical Engineering / Robotics & Control,"### Overview
Implements dynamic fluid-structure interactions or localized fields to control interfacial physics, thermal transport, or directional flow dynamics.

### Why It Matters (Impact)
Drastically reduces weight while boosting mechanical resilience and energy dissipation capabilities for next-generation systems.

### Mind-Blowing Fact
💡 The localized structural response is so immediate that it mimics biological reflex loops, bypassing centralized electronic control delays entirely.",https://www.google.com/search?tbm=isch&q=Non-linear+Soft+Robotic+Actuators+in+Multi-Scale+Energy+Scavenging,Low Popularity (Extremely Rare/Niche)
Self-healing Boundary Layer Actuators for High-Precision Vascular Navigation,Mechanical Engineering / Robotics & Control,"### Overview
Utilizes advanced architectural configuration at micro or nano scales to manipulate structural mechanics and wave propagation properties beyond conventional material limits.

### Why It Matters (Impact)
Bypasses traditional mechanical failure and wear modes, offering unprecedented operational lifespans in harsh or inaccessible environments.

### Mind-Blowing Fact
💡 By controlling atomic-level vibrations, these systems can guide thermal currents along specific paths, effectively making heat turn corners.",https://www.google.com/search?tbm=isch&q=Self-healing+Boundary+Layer+Actuators+for+High-Precision+Vascular+Navigation,Low Popularity (Extremely Rare/Niche)
Bio-inspired Boundary Layer Actuators for Micro-Vibration Isolation,Mechanical Engineering / Robotics & Control,"### Overview
Implements dynamic fluid-structure interactions or localized fields to control interfacial physics, thermal transport, or directional flow dynamics.

### Why It Matters (Impact)
Drastically reduces weight while boosting mechanical resilience and energy dissipation capabilities for next-generation systems.

### Mind-Blowing Fact
💡 The localized structural response is so immediate that it mimics biological reflex loops, bypassing centralized electronic control delays entirely.",https://www.google.com/search?tbm=isch&q=Bio-inspired+Boundary+Layer+Actuators+for+Micro-Vibration+Isolation,Moderate Popularity
Magneto-rheological Boundary Layer Actuators in High-Flux Electronic Cooling,Mechanical Engineering / Solid Mechanics,"### Overview
Integrates responsive polymer matrices or flexible smart materials with tailored geometries to achieve autonomous actuation and sensory adaptation without external computing.

### Why It Matters (Impact)
Drastically reduces weight while boosting mechanical resilience and energy dissipation capabilities for next-generation systems.

### Mind-Blowing Fact
💡 These configurations can demonstrate negative Poisson's ratios, meaning they expand sideways when stretched rather than getting thinner.",https://www.google.com/search?tbm=isch&q=Magneto-rheological+Boundary+Layer+Actuators+in+High-Flux+Electronic+Cooling,Moderate Popularity
Magneto-rheological Microfluidic Channels for Extreme Aerospace Environments,Mechanical Engineering / Fluid Dynamics,"### Overview
Implements dynamic fluid-structure interactions or localized fields to control interfacial physics, thermal transport, or directional flow dynamics.

### Why It Matters (Impact)
Drastically reduces weight while boosting mechanical resilience and energy dissipation capabilities for next-generation systems.

### Mind-Blowing Fact
💡 These configurations can demonstrate negative Poisson's ratios, meaning they expand sideways when stretched rather than getting thinner.",https://www.google.com/search?tbm=isch&q=Magneto-rheological+Microfluidic+Channels+for+Extreme+Aerospace+Environments,Low Popularity (Extremely Rare/Niche)
Asymmetric Microfluidic Channels for Extreme Aerospace Environments,Mechanical Engineering / Solid Mechanics,"### Overview
Implements dynamic fluid-structure interactions or localized fields to control interfacial physics, thermal transport, or directional flow dynamics.

### Why It Matters (Impact)
Drastically reduces weight while boosting mechanical resilience and energy dissipation capabilities for next-generation systems.

### Mind-Blowing Fact
💡 The localized structural response is so immediate that it mimics biological reflex loops, bypassing centralized electronic control delays entirely.",https://www.google.com/search?tbm=isch&q=Asymmetric+Microfluidic+Channels+for+Extreme+Aerospace+Environments,Low Popularity (Extremely Rare/Niche)
Bio-inspired Metamaterial Lattices in High-Flux Electronic Cooling,Mechanical Engineering / Fluid Dynamics,"### Overview
Integrates responsive polymer matrices or flexible smart materials with tailored geometries to achieve autonomous actuation and sensory adaptation without external computing.

### Why It Matters (Impact)
Provides ultra-precise regulation of fluid or thermal fluxes, enabling breakthrough performance in sub-micron computing and micro-propulsion.

### Mind-Blowing Fact
💡 The localized structural response is so immediate that it mimics biological reflex loops, bypassing centralized electronic control delays entirely.",https://www.google.com/search?tbm=isch&q=Bio-inspired+Metamaterial+Lattices+in+High-Flux+Electronic+Cooling,Moderate Popularity
Self-healing Viscoelastic Dampers for Micro-Vibration Isolation,Mechanical Engineering / Robotics & Control,"### Overview
Implements dynamic fluid-structure interactions or localized fields to control interfacial physics, thermal transport, or directional flow dynamics.

### Why It Matters (Impact)
Bypasses traditional mechanical failure and wear modes, offering unprecedented operational lifespans in harsh or inaccessible environments.

### Mind-Blowing Fact
💡 These configurations can demonstrate negative Poisson's ratios, meaning they expand sideways when stretched rather than getting thinner.",https://www.google.com/search?tbm=isch&q=Self-healing+Viscoelastic+Dampers+for+Micro-Vibration+Isolation,Moderate Popularity
Single-atom Covalent Organic Frameworks (COFs) in Renewable Biomass Upcycling,Chemistry & Chemical Engineering / Electrochemistry,"### Overview
Exploits confined localized environments and tailored surface configurations to govern electronic pathways and spin states during chemical transformations.

### Why It Matters (Impact)
Drastically accelerates sluggish reaction rates under ambient, energy-efficient conditions, eliminating the need for fossil-fueled heating.

### Mind-Blowing Fact
💡 Some of these catalysts can perform millions of complex molecular transformations before showing even a single atom of wear or degradation.",https://www.google.com/search?tbm=isch&q=Single-atom+Covalent+Organic+Frameworks+%28COFs%29+in+Renewable+Biomass+Upcycling,Moderate Popularity
Photoredox-driven Transition Metal Complexes in Non-Equilibrium Chemical Systems,Chemistry & Chemical Engineering / Electrochemistry,"### Overview
Utilizes alternative energy inputs like visible light, precise mechanical forces, or localized electric fields to bypass traditional thermodynamic constraints.

### Why It Matters (Impact)
Enables highly selective chemical transformations with zero unwanted side-products, transforming industrial green chemistry standards.

### Mind-Blowing Fact
💡 By trapping reacting molecules in sub-nanometer cages, reactions that normally take days can be forced to occur in a fraction of a second.",https://www.google.com/search?tbm=isch&q=Photoredox-driven+Transition+Metal+Complexes+in+Non-Equilibrium+Chemical+Systems,Moderate Popularity
Solvent-free Deep Eutectic Solvents in Renewable Biomass Upcycling,Chemistry & Chemical Engineering / Surface & Interfacial Chemistry,"### Overview
Utilizes alternative energy inputs like visible light, precise mechanical forces, or localized electric fields to bypass traditional thermodynamic constraints.

### Why It Matters (Impact)
Unlocks access to previously unstable molecular geometries and material structures, paving the way for next-generation quantum devices.

### Mind-Blowing Fact
💡 Controlling the quantum spin polarization of electrons can increase chemical reaction efficiency by orders of magnitude without changing the temperature.",https://www.google.com/search?tbm=isch&q=Solvent-free+Deep+Eutectic+Solvents+in+Renewable+Biomass+Upcycling,Moderate Popularity
Topology-optimized Thermoelectric Harvesters for Adaptive Structural Shifting,Mechanical Engineering / Micro/Nano Electromechanical Systems (MEMS),"### Overview
Utilizes advanced architectural configuration at micro or nano scales to manipulate structural mechanics and wave propagation properties beyond conventional material limits.

### Why It Matters (Impact)
Provides ultra-precise regulation of fluid or thermal fluxes, enabling breakthrough performance in sub-micron computing and micro-propulsion.

### Mind-Blowing Fact
💡 By controlling atomic-level vibrations, these systems can guide thermal currents along specific paths, effectively making heat turn corners.",https://www.google.com/search?tbm=isch&q=Topology-optimized+Thermoelectric+Harvesters+for+Adaptive+Structural+Shifting,Low Popularity (Extremely Rare/Niche)
Photoredox-driven Micro-flow Reactor Systems for Ultra-trace Explosive Detection,Chemistry & Chemical Engineering / Electrochemistry,"### Overview
Exploits confined localized environments and tailored surface configurations to govern electronic pathways and spin states during chemical transformations.

### Why It Matters (Impact)
Unlocks access to previously unstable molecular geometries and material structures, paving the way for next-generation quantum devices.

### Mind-Blowing Fact
💡 Controlling the quantum spin polarization of electrons can increase chemical reaction efficiency by orders of magnitude without changing the temperature.",https://www.google.com/search?tbm=isch&q=Photoredox-driven+Micro-flow+Reactor+Systems+for+Ultra-trace+Explosive+Detection,Low Popularity (Extremely Rare/Niche)
Non-linear Phononic Crystals for Micro-Vibration Isolation,Mechanical Engineering / Robotics & Control,"### Overview
Utilizes advanced architectural configuration at micro or nano scales to manipulate structural mechanics and wave propagation properties beyond conventional material limits.

### Why It Matters (Impact)
Provides ultra-precise regulation of fluid or thermal fluxes, enabling breakthrough performance in sub-micron computing and micro-propulsion.

### Mind-Blowing Fact
💡 These configurations can demonstrate negative Poisson's ratios, meaning they expand sideways when stretched rather than getting thinner.",https://www.google.com/search?tbm=isch&q=Non-linear+Phononic+Crystals+for+Micro-Vibration+Isolation,Low Popularity (Extremely Rare/Niche)
Asymmetric Triboelectric Nanogenerators for High-Precision Vascular Navigation,Mechanical Engineering / Micro/Nano Electromechanical Systems (MEMS),"### Overview
Integrates responsive polymer matrices or flexible smart materials with tailored geometries to achieve autonomous actuation and sensory adaptation without external computing.

### Why It Matters (Impact)
Drastically reduces weight while boosting mechanical resilience and energy dissipation capabilities for next-generation systems.

### Mind-Blowing Fact
💡 By controlling atomic-level vibrations, these systems can guide thermal currents along specific paths, effectively making heat turn corners.",https://www.google.com/search?tbm=isch&q=Asymmetric+Triboelectric+Nanogenerators+for+High-Precision+Vascular+Navigation,Low Popularity (Extremely Rare/Niche)
Electrocatalytic Solid-State Electrolyte Interphases for Solid-State Battery Stabilization,Chemistry & Chemical Engineering / Quantum Chemistry,"### Overview
Exploits confined localized environments and tailored surface configurations to govern electronic pathways and spin states during chemical transformations.

### Why It Matters (Impact)
Enables highly selective chemical transformations with zero unwanted side-products, transforming industrial green chemistry standards.

### Mind-Blowing Fact
💡 Some of these catalysts can perform millions of complex molecular transformations before showing even a single atom of wear or degradation.",https://www.google.com/search?tbm=isch&q=Electrocatalytic+Solid-State+Electrolyte+Interphases+for+Solid-State+Battery+Stabilization,Moderate Popularity
Topology-optimized Phononic Crystals for High-Precision Vascular Navigation,Mechanical Engineering / Robotics & Control,"### Overview
Integrates responsive polymer matrices or flexible smart materials with tailored geometries to achieve autonomous actuation and sensory adaptation without external computing.

### Why It Matters (Impact)
Provides ultra-precise regulation of fluid or thermal fluxes, enabling breakthrough performance in sub-micron computing and micro-propulsion.

### Mind-Blowing Fact
💡 These configurations can demonstrate negative Poisson's ratios, meaning they expand sideways when stretched rather than getting thinner.",https://www.google.com/search?tbm=isch&q=Topology-optimized+Phononic+Crystals+for+High-Precision+Vascular+Navigation,Low Popularity (Extremely Rare/Niche)
Cryogenic Triboelectric Nanogenerators for Extreme Aerospace Environments,Mechanical Engineering / Robotics & Control,"### Overview
Integrates responsive polymer matrices or flexible smart materials with tailored geometries to achieve autonomous actuation and sensory adaptation without external computing.

### Why It Matters (Impact)
Bypasses traditional mechanical failure and wear modes, offering unprecedented operational lifespans in harsh or inaccessible environments.

### Mind-Blowing Fact
💡 The localized structural response is so immediate that it mimics biological reflex loops, bypassing centralized electronic control delays entirely.",https://www.google.com/search?tbm=isch&q=Cryogenic+Triboelectric+Nanogenerators+for+Extreme+Aerospace+Environments,Low Popularity (Extremely Rare/Niche)
Bio-inspired Compliant Mechanisms for High-Precision Vascular Navigation,Mechanical Engineering / Fluid Dynamics,"### Overview
Implements dynamic fluid-structure interactions or localized fields to control interfacial physics, thermal transport, or directional flow dynamics.

### Why It Matters (Impact)
Drastically reduces weight while boosting mechanical resilience and energy dissipation capabilities for next-generation systems.

### Mind-Blowing Fact
💡 These configurations can demonstrate negative Poisson's ratios, meaning they expand sideways when stretched rather than getting thinner.",https://www.google.com/search?tbm=isch&q=Bio-inspired+Compliant+Mechanisms+for+High-Precision+Vascular+Navigation,Moderate Popularity
Enantioselective Covalent Organic Frameworks (COFs) in Targeted C-H Activation,Chemistry & Chemical Engineering / Quantum Chemistry,"### Overview
Utilizes alternative energy inputs like visible light, precise mechanical forces, or localized electric fields to bypass traditional thermodynamic constraints.

### Why It Matters (Impact)
Unlocks access to previously unstable molecular geometries and material structures, paving the way for next-generation quantum devices.

### Mind-Blowing Fact
💡 By trapping reacting molecules in sub-nanometer cages, reactions that normally take days can be forced to occur in a fraction of a second.",https://www.google.com/search?tbm=isch&q=Enantioselective+Covalent+Organic+Frameworks+%28COFs%29+in+Targeted+C-H+Activation,Low Popularity (Extremely Rare/Niche)
Mechanochemical Spin-polarized Catalysts in Non-Equilibrium Chemical Systems,Chemistry & Chemical Engineering / Electrochemistry,"### Overview
Exploits confined localized environments and tailored surface configurations to govern electronic pathways and spin states during chemical transformations.

### Why It Matters (Impact)
Unlocks access to previously unstable molecular geometries and material structures, paving the way for next-generation quantum devices.

### Mind-Blowing Fact
💡 Controlling the quantum spin polarization of electrons can increase chemical reaction efficiency by orders of magnitude without changing the temperature.",https://www.google.com/search?tbm=isch&q=Mechanochemical+Spin-polarized+Catalysts+in+Non-Equilibrium+Chemical+Systems,Moderate Popularity
Micro-architected Triboelectric Nanogenerators for Extreme Aerospace Environments,Mechanical Engineering / Fluid Dynamics,"### Overview
Integrates responsive polymer matrices or flexible smart materials with tailored geometries to achieve autonomous actuation and sensory adaptation without external computing.

### Why It Matters (Impact)
Drastically reduces weight while boosting mechanical resilience and energy dissipation capabilities for next-generation systems.

### Mind-Blowing Fact
💡 By controlling atomic-level vibrations, these systems can guide thermal currents along specific paths, effectively making heat turn corners.",https://www.google.com/search?tbm=isch&q=Micro-architected+Triboelectric+Nanogenerators+for+Extreme+Aerospace+Environments,Low Popularity (Extremely Rare/Niche)
Chiral-induced Plasmonic Nanostructures for Ultra-trace Explosive Detection,Chemistry & Chemical Engineering / Electrochemistry,"### Overview
Exploits confined localized environments and tailored surface configurations to govern electronic pathways and spin states during chemical transformations.

### Why It Matters (Impact)
Enables highly selective chemical transformations with zero unwanted side-products, transforming industrial green chemistry standards.

### Mind-Blowing Fact
💡 Some of these catalysts can perform millions of complex molecular transformations before showing even a single atom of wear or degradation.",https://www.google.com/search?tbm=isch&q=Chiral-induced+Plasmonic+Nanostructures+for+Ultra-trace+Explosive+Detection,Moderate Popularity
Photoredox-driven Deep Eutectic Solvents in Renewable Biomass Upcycling,Chemistry & Chemical Engineering / Electrochemistry,"### Overview
Utilizes alternative energy inputs like visible light, precise mechanical forces, or localized electric fields to bypass traditional thermodynamic constraints.

### Why It Matters (Impact)
Unlocks access to previously unstable molecular geometries and material structures, paving the way for next-generation quantum devices.

### Mind-Blowing Fact
💡 Controlling the quantum spin polarization of electrons can increase chemical reaction efficiency by orders of magnitude without changing the temperature.",https://www.google.com/search?tbm=isch&q=Photoredox-driven+Deep+Eutectic+Solvents+in+Renewable+Biomass+Upcycling,Moderate Popularity
Anisotropic Metamaterial Lattices for Extreme Aerospace Environments,Mechanical Engineering / Robotics & Control,"### Overview
Utilizes advanced architectural configuration at micro or nano scales to manipulate structural mechanics and wave propagation properties beyond conventional material limits.

### Why It Matters (Impact)
Provides ultra-precise regulation of fluid or thermal fluxes, enabling breakthrough performance in sub-micron computing and micro-propulsion.

### Mind-Blowing Fact
💡 These configurations can demonstrate negative Poisson's ratios, meaning they expand sideways when stretched rather than getting thinner.",https://www.google.com/search?tbm=isch&q=Anisotropic+Metamaterial+Lattices+for+Extreme+Aerospace+Environments,Moderate Popularity
Mechanochemical Transition Metal Complexes for Precision Carbon Capture,Chemistry & Chemical Engineering / Catalysis & Kinetics,"### Overview
Exploits confined localized environments and tailored surface configurations to govern electronic pathways and spin states during chemical transformations.

### Why It Matters (Impact)
Unlocks access to previously unstable molecular geometries and material structures, paving the way for next-generation quantum devices.

### Mind-Blowing Fact
💡 Controlling the quantum spin polarization of electrons can increase chemical reaction efficiency by orders of magnitude without changing the temperature.",https://www.google.com/search?tbm=isch&q=Mechanochemical+Transition+Metal+Complexes+for+Precision+Carbon+Capture,Moderate Popularity
Cryogenic Boundary Layer Actuators for High-Precision Vascular Navigation,Mechanical Engineering / Robotics & Control,"### Overview
Utilizes advanced architectural configuration at micro or nano scales to manipulate structural mechanics and wave propagation properties beyond conventional material limits.

### Why It Matters (Impact)
Provides ultra-precise regulation of fluid or thermal fluxes, enabling breakthrough performance in sub-micron computing and micro-propulsion.

### Mind-Blowing Fact
💡 The localized structural response is so immediate that it mimics biological reflex loops, bypassing centralized electronic control delays entirely.",https://www.google.com/search?tbm=isch&q=Cryogenic+Boundary+Layer+Actuators+for+High-Precision+Vascular+Navigation,Moderate Popularity
Supracritical Transition Metal Complexes in Non-Equilibrium Chemical Systems,Chemistry & Chemical Engineering / Quantum Chemistry,"### Overview
Utilizes alternative energy inputs like visible light, precise mechanical forces, or localized electric fields to bypass traditional thermodynamic constraints.

### Why It Matters (Impact)
Drastically accelerates sluggish reaction rates under ambient, energy-efficient conditions, eliminating the need for fossil-fueled heating.

### Mind-Blowing Fact
💡 Some of these catalysts can perform millions of complex molecular transformations before showing even a single atom of wear or degradation.",https://www.google.com/search?tbm=isch&q=Supracritical+Transition+Metal+Complexes+in+Non-Equilibrium+Chemical+Systems,Low Popularity (Extremely Rare/Niche)
Photoredox-driven Quantum Embedding Interfaces for Precision Carbon Capture,Chemistry & Chemical Engineering / Catalysis & Kinetics,"### Overview
Exploits confined localized environments and tailored surface configurations to govern electronic pathways and spin states during chemical transformations.

### Why It Matters (Impact)
Enables highly selective chemical transformations with zero unwanted side-products, transforming industrial green chemistry standards.

### Mind-Blowing Fact
💡 Some of these catalysts can perform millions of complex molecular transformations before showing even a single atom of wear or degradation.",https://www.google.com/search?tbm=isch&q=Photoredox-driven+Quantum+Embedding+Interfaces+for+Precision+Carbon+Capture,Low Popularity (Extremely Rare/Niche)
Supramolecular Transition Metal Complexes in Chiral Pharmaceutical Separation,Chemistry & Chemical Engineering / Quantum Chemistry,"### Overview
Exploits confined localized environments and tailored surface configurations to govern electronic pathways and spin states during chemical transformations.

### Why It Matters (Impact)
Unlocks access to previously unstable molecular geometries and material structures, paving the way for next-generation quantum devices.

### Mind-Blowing Fact
💡 Controlling the quantum spin polarization of electrons can increase chemical reaction efficiency by orders of magnitude without changing the temperature.",https://www.google.com/search?tbm=isch&q=Supramolecular+Transition+Metal+Complexes+in+Chiral+Pharmaceutical+Separation,Moderate Popularity
Mechanochemical Bimetallic Nanoclusters in Non-Equilibrium Chemical Systems,Chemistry & Chemical Engineering / Catalysis & Kinetics,"### Overview
Arranges molecular architectures or quantum states in highly coordinated geometric configurations to dramatically lower activation energy barriers.

### Why It Matters (Impact)
Enables highly selective chemical transformations with zero unwanted side-products, transforming industrial green chemistry standards.

### Mind-Blowing Fact
💡 Some of these catalysts can perform millions of complex molecular transformations before showing even a single atom of wear or degradation.",https://www.google.com/search?tbm=isch&q=Mechanochemical+Bimetallic+Nanoclusters+in+Non-Equilibrium+Chemical+Systems,Moderate Popularity
Magneto-rheological Microfluidic Channels for Soft Neuromorphic Robotics,Mechanical Engineering / Thermodynamics,"### Overview
Utilizes advanced architectural configuration at micro or nano scales to manipulate structural mechanics and wave propagation properties beyond conventional material limits.

### Why It Matters (Impact)
Drastically reduces weight while boosting mechanical resilience and energy dissipation capabilities for next-generation systems.

### Mind-Blowing Fact
💡 By controlling atomic-level vibrations, these systems can guide thermal currents along specific paths, effectively making heat turn corners.",https://www.google.com/search?tbm=isch&q=Magneto-rheological+Microfluidic+Channels+for+Soft+Neuromorphic+Robotics,Moderate Popularity
Micro-architected Phononic Crystals in High-Flux Electronic Cooling,Mechanical Engineering / Micro/Nano Electromechanical Systems (MEMS),"### Overview
Integrates responsive polymer matrices or flexible smart materials with tailored geometries to achieve autonomous actuation and sensory adaptation without external computing.

### Why It Matters (Impact)
Provides ultra-precise regulation of fluid or thermal fluxes, enabling breakthrough performance in sub-micron computing and micro-propulsion.

### Mind-Blowing Fact
💡 By controlling atomic-level vibrations, these systems can guide thermal currents along specific paths, effectively making heat turn corners.",https://www.google.com/search?tbm=isch&q=Micro-architected+Phononic+Crystals+in+High-Flux+Electronic+Cooling,Low Popularity (Extremely Rare/Niche)
Enantioselective Plasmonic Nanostructures in Targeted C-H Activation,Chemistry & Chemical Engineering / Catalysis & Kinetics,"### Overview
Exploits confined localized environments and tailored surface configurations to govern electronic pathways and spin states during chemical transformations.

### Why It Matters (Impact)
Drastically accelerates sluggish reaction rates under ambient, energy-efficient conditions, eliminating the need for fossil-fueled heating.

### Mind-Blowing Fact
💡 Some of these catalysts can perform millions of complex molecular transformations before showing even a single atom of wear or degradation.",https://www.google.com/search?tbm=isch&q=Enantioselective+Plasmonic+Nanostructures+in+Targeted+C-H+Activation,Low Popularity (Extremely Rare/Niche)
Single-atom Micro-flow Reactor Systems in Targeted C-H Activation,Chemistry & Chemical Engineering / Surface & Interfacial Chemistry,"### Overview
Exploits confined localized environments and tailored surface configurations to govern electronic pathways and spin states during chemical transformations.

### Why It Matters (Impact)
Drastically accelerates sluggish reaction rates under ambient, energy-efficient conditions, eliminating the need for fossil-fueled heating.

### Mind-Blowing Fact
💡 Controlling the quantum spin polarization of electrons can increase chemical reaction efficiency by orders of magnitude without changing the temperature.",https://www.google.com/search?tbm=isch&q=Single-atom+Micro-flow+Reactor+Systems+in+Targeted+C-H+Activation,Moderate Popularity
Bio-inspired Phononic Crystals for Micro-Vibration Isolation,Mechanical Engineering / Thermodynamics,"### Overview
Integrates responsive polymer matrices or flexible smart materials with tailored geometries to achieve autonomous actuation and sensory adaptation without external computing.

### Why It Matters (Impact)
Bypasses traditional mechanical failure and wear modes, offering unprecedented operational lifespans in harsh or inaccessible environments.

### Mind-Blowing Fact
💡 The localized structural response is so immediate that it mimics biological reflex loops, bypassing centralized electronic control delays entirely.",https://www.google.com/search?tbm=isch&q=Bio-inspired+Phononic+Crystals+for+Micro-Vibration+Isolation,Low Popularity (Extremely Rare/Niche)
Solvent-free Covalent Organic Frameworks (COFs) in Renewable Biomass Upcycling,Chemistry & Chemical Engineering / Surface & Interfacial Chemistry,"### Overview
Utilizes alternative energy inputs like visible light, precise mechanical forces, or localized electric fields to bypass traditional thermodynamic constraints.

### Why It Matters (Impact)
Unlocks access to previously unstable molecular geometries and material structures, paving the way for next-generation quantum devices.

### Mind-Blowing Fact
💡 By trapping reacting molecules in sub-nanometer cages, reactions that normally take days can be forced to occur in a fraction of a second.",https://www.google.com/search?tbm=isch&q=Solvent-free+Covalent+Organic+Frameworks+%28COFs%29+in+Renewable+Biomass+Upcycling,Low Popularity (Extremely Rare/Niche)
Enantioselective Covalent Organic Frameworks (COFs) in Renewable Biomass Upcycling,Chemistry & Chemical Engineering / Surface & Interfacial Chemistry,"### Overview
Arranges molecular architectures or quantum states in highly coordinated geometric configurations to dramatically lower activation energy barriers.

### Why It Matters (Impact)
Drastically accelerates sluggish reaction rates under ambient, energy-efficient conditions, eliminating the need for fossil-fueled heating.

### Mind-Blowing Fact
💡 Some of these catalysts can perform millions of complex molecular transformations before showing even a single atom of wear or degradation.",https://www.google.com/search?tbm=isch&q=Enantioselective+Covalent+Organic+Frameworks+%28COFs%29+in+Renewable+Biomass+Upcycling,Moderate Popularity
Topology-optimized Soft Robotic Actuators for Adaptive Structural Shifting,Mechanical Engineering / Solid Mechanics,"### Overview
Integrates responsive polymer matrices or flexible smart materials with tailored geometries to achieve autonomous actuation and sensory adaptation without external computing.

### Why It Matters (Impact)
Bypasses traditional mechanical failure and wear modes, offering unprecedented operational lifespans in harsh or inaccessible environments.

### Mind-Blowing Fact
💡 The localized structural response is so immediate that it mimics biological reflex loops, bypassing centralized electronic control delays entirely.",https://www.google.com/search?tbm=isch&q=Topology-optimized+Soft+Robotic+Actuators+for+Adaptive+Structural+Shifting,Moderate Popularity
Electrocatalytic Quantum Embedding Interfaces for Ultra-trace Explosive Detection,Chemistry & Chemical Engineering / Catalysis & Kinetics,"### Overview
Exploits confined localized environments and tailored surface configurations to govern electronic pathways and spin states during chemical transformations.

### Why It Matters (Impact)
Unlocks access to previously unstable molecular geometries and material structures, paving the way for next-generation quantum devices.

### Mind-Blowing Fact
💡 Some of these catalysts can perform millions of complex molecular transformations before showing even a single atom of wear or degradation.",https://www.google.com/search?tbm=isch&q=Electrocatalytic+Quantum+Embedding+Interfaces+for+Ultra-trace+Explosive+Detection,Moderate Popularity
Mechanochemical Transition Metal Complexes for Ultra-trace Explosive Detection,Chemistry & Chemical Engineering / Quantum Chemistry,"### Overview
Exploits confined localized environments and tailored surface configurations to govern electronic pathways and spin states during chemical transformations.

### Why It Matters (Impact)
Drastically accelerates sluggish reaction rates under ambient, energy-efficient conditions, eliminating the need for fossil-fueled heating.

### Mind-Blowing Fact
💡 Some of these catalysts can perform millions of complex molecular transformations before showing even a single atom of wear or degradation.",https://www.google.com/search?tbm=isch&q=Mechanochemical+Transition+Metal+Complexes+for+Ultra-trace+Explosive+Detection,Moderate Popularity
Chiral-induced Spin-polarized Catalysts in Non-Equilibrium Chemical Systems,Chemistry & Chemical Engineering / Quantum Chemistry,"### Overview
Exploits confined localized environments and tailored surface configurations to govern electronic pathways and spin states during chemical transformations.

### Why It Matters (Impact)
Unlocks access to previously unstable molecular geometries and material structures, paving the way for next-generation quantum devices.

### Mind-Blowing Fact
💡 Some of these catalysts can perform millions of complex molecular transformations before showing even a single atom of wear or degradation.",https://www.google.com/search?tbm=isch&q=Chiral-induced+Spin-polarized+Catalysts+in+Non-Equilibrium+Chemical+Systems,Low Popularity (Extremely Rare/Niche)
Non-linear Compliant Mechanisms in Multi-Scale Energy Scavenging,Mechanical Engineering / Micro/Nano Electromechanical Systems (MEMS),"### Overview
Integrates responsive polymer matrices or flexible smart materials with tailored geometries to achieve autonomous actuation and sensory adaptation without external computing.

### Why It Matters (Impact)
Provides ultra-precise regulation of fluid or thermal fluxes, enabling breakthrough performance in sub-micron computing and micro-propulsion.

### Mind-Blowing Fact
💡 These configurations can demonstrate negative Poisson's ratios, meaning they expand sideways when stretched rather than getting thinner.",https://www.google.com/search?tbm=isch&q=Non-linear+Compliant+Mechanisms+in+Multi-Scale+Energy+Scavenging,Moderate Popularity
Mechanochemical Covalent Organic Frameworks (COFs) in Non-Equilibrium Chemical Systems,Chemistry & Chemical Engineering / Surface & Interfacial Chemistry,"### Overview
Exploits confined localized environments and tailored surface configurations to govern electronic pathways and spin states during chemical transformations.

### Why It Matters (Impact)
Enables highly selective chemical transformations with zero unwanted side-products, transforming industrial green chemistry standards.

### Mind-Blowing Fact
💡 By trapping reacting molecules in sub-nanometer cages, reactions that normally take days can be forced to occur in a fraction of a second.",https://www.google.com/search?tbm=isch&q=Mechanochemical+Covalent+Organic+Frameworks+%28COFs%29+in+Non-Equilibrium+Chemical+Systems,Low Popularity (Extremely Rare/Niche)
Heterogeneous Spin-polarized Catalysts for High-Density Green Hydrogen Production,Chemistry & Chemical Engineering / Organic Synthesis,"### Overview
Arranges molecular architectures or quantum states in highly coordinated geometric configurations to dramatically lower activation energy barriers.

### Why It Matters (Impact)
Drastically accelerates sluggish reaction rates under ambient, energy-efficient conditions, eliminating the need for fossil-fueled heating.

### Mind-Blowing Fact
💡 By trapping reacting molecules in sub-nanometer cages, reactions that normally take days can be forced to occur in a fraction of a second.",https://www.google.com/search?tbm=isch&q=Heterogeneous+Spin-polarized+Catalysts+for+High-Density+Green+Hydrogen+Production,Moderate Popularity
Enantioselective Solid-State Electrolyte Interphases for Ultra-trace Explosive Detection,Chemistry & Chemical Engineering / Surface & Interfacial Chemistry,"### Overview
Arranges molecular architectures or quantum states in highly coordinated geometric configurations to dramatically lower activation energy barriers.

### Why It Matters (Impact)
Enables highly selective chemical transformations with zero unwanted side-products, transforming industrial green chemistry standards.

### Mind-Blowing Fact
💡 By trapping reacting molecules in sub-nanometer cages, reactions that normally take days can be forced to occur in a fraction of a second.",https://www.google.com/search?tbm=isch&q=Enantioselective+Solid-State+Electrolyte+Interphases+for+Ultra-trace+Explosive+Detection,Moderate Popularity
Supramolecular Micro-flow Reactor Systems in Chiral Pharmaceutical Separation,Chemistry & Chemical Engineering / Quantum Chemistry,"### Overview
Exploits confined localized environments and tailored surface configurations to govern electronic pathways and spin states during chemical transformations.

### Why It Matters (Impact)
Unlocks access to previously unstable molecular geometries and material structures, paving the way for next-generation quantum devices.

### Mind-Blowing Fact
💡 Controlling the quantum spin polarization of electrons can increase chemical reaction efficiency by orders of magnitude without changing the temperature.",https://www.google.com/search?tbm=isch&q=Supramolecular+Micro-flow+Reactor+Systems+in+Chiral+Pharmaceutical+Separation,Low Popularity (Extremely Rare/Niche)
Topology-optimized Compliant Mechanisms for Adaptive Structural Shifting,Mechanical Engineering / Micro/Nano Electromechanical Systems (MEMS),"### Overview
Utilizes advanced architectural configuration at micro or nano scales to manipulate structural mechanics and wave propagation properties beyond conventional material limits.

### Why It Matters (Impact)
Provides ultra-precise regulation of fluid or thermal fluxes, enabling breakthrough performance in sub-micron computing and micro-propulsion.

### Mind-Blowing Fact
💡 The localized structural response is so immediate that it mimics biological reflex loops, bypassing centralized electronic control delays entirely.",https://www.google.com/search?tbm=isch&q=Topology-optimized+Compliant+Mechanisms+for+Adaptive+Structural+Shifting,Low Popularity (Extremely Rare/Niche)
Supramolecular Bio-mimetic Enzyme Mimics for Ultra-trace Explosive Detection,Chemistry & Chemical Engineering / Catalysis & Kinetics,"### Overview
Arranges molecular architectures or quantum states in highly coordinated geometric configurations to dramatically lower activation energy barriers.

### Why It Matters (Impact)
Enables highly selective chemical transformations with zero unwanted side-products, transforming industrial green chemistry standards.

### Mind-Blowing Fact
💡 Some of these catalysts can perform millions of complex molecular transformations before showing even a single atom of wear or degradation.",https://www.google.com/search?tbm=isch&q=Supramolecular+Bio-mimetic+Enzyme+Mimics+for+Ultra-trace+Explosive+Detection,Moderate Popularity
Supracritical Micro-flow Reactor Systems in Targeted C-H Activation,Chemistry & Chemical Engineering / Quantum Chemistry,"### Overview
Utilizes alternative energy inputs like visible light, precise mechanical forces, or localized electric fields to bypass traditional thermodynamic constraints.

### Why It Matters (Impact)
Unlocks access to previously unstable molecular geometries and material structures, paving the way for next-generation quantum devices.

### Mind-Blowing Fact
💡 By trapping reacting molecules in sub-nanometer cages, reactions that normally take days can be forced to occur in a fraction of a second.",https://www.google.com/search?tbm=isch&q=Supracritical+Micro-flow+Reactor+Systems+in+Targeted+C-H+Activation,Low Popularity (Extremely Rare/Niche)
Bio-inspired Soft Robotic Actuators in High-Flux Electronic Cooling,Mechanical Engineering / Fluid Dynamics,"### Overview
Implements dynamic fluid-structure interactions or localized fields to control interfacial physics, thermal transport, or directional flow dynamics.

### Why It Matters (Impact)
Drastically reduces weight while boosting mechanical resilience and energy dissipation capabilities for next-generation systems.

### Mind-Blowing Fact
💡 These configurations can demonstrate negative Poisson's ratios, meaning they expand sideways when stretched rather than getting thinner.",https://www.google.com/search?tbm=isch&q=Bio-inspired+Soft+Robotic+Actuators+in+High-Flux+Electronic+Cooling,Low Popularity (Extremely Rare/Niche)
Supramolecular Covalent Organic Frameworks (COFs) for Ultra-trace Explosive Detection,Chemistry & Chemical Engineering / Quantum Chemistry,"### Overview
Utilizes alternative energy inputs like visible light, precise mechanical forces, or localized electric fields to bypass traditional thermodynamic constraints.

### Why It Matters (Impact)
Drastically accelerates sluggish reaction rates under ambient, energy-efficient conditions, eliminating the need for fossil-fueled heating.

### Mind-Blowing Fact
💡 By trapping reacting molecules in sub-nanometer cages, reactions that normally take days can be forced to occur in a fraction of a second.",https://www.google.com/search?tbm=isch&q=Supramolecular+Covalent+Organic+Frameworks+%28COFs%29+for+Ultra-trace+Explosive+Detection,Low Popularity (Extremely Rare/Niche)
Topology-optimized Metamaterial Lattices for High-Precision Vascular Navigation,Mechanical Engineering / Thermodynamics,"### Overview
Utilizes advanced architectural configuration at micro or nano scales to manipulate structural mechanics and wave propagation properties beyond conventional material limits.

### Why It Matters (Impact)
Bypasses traditional mechanical failure and wear modes, offering unprecedented operational lifespans in harsh or inaccessible environments.

### Mind-Blowing Fact
💡 The localized structural response is so immediate that it mimics biological reflex loops, bypassing centralized electronic control delays entirely.",https://www.google.com/search?tbm=isch&q=Topology-optimized+Metamaterial+Lattices+for+High-Precision+Vascular+Navigation,Low Popularity (Extremely Rare/Niche)
Asymmetric Compliant Mechanisms for Adaptive Structural Shifting,Mechanical Engineering / Fluid Dynamics,"### Overview
Integrates responsive polymer matrices or flexible smart materials with tailored geometries to achieve autonomous actuation and sensory adaptation without external computing.

### Why It Matters (Impact)
Drastically reduces weight while boosting mechanical resilience and energy dissipation capabilities for next-generation systems.

### Mind-Blowing Fact
💡 The localized structural response is so immediate that it mimics biological reflex loops, bypassing centralized electronic control delays entirely.",https://www.google.com/search?tbm=isch&q=Asymmetric+Compliant+Mechanisms+for+Adaptive+Structural+Shifting,Low Popularity (Extremely Rare/Niche)
Single-atom Transition Metal Complexes for Precision Carbon Capture,Chemistry & Chemical Engineering / Surface & Interfacial Chemistry,"### Overview
Exploits confined localized environments and tailored surface configurations to govern electronic pathways and spin states during chemical transformations.

### Why It Matters (Impact)
Enables highly selective chemical transformations with zero unwanted side-products, transforming industrial green chemistry standards.

### Mind-Blowing Fact
💡 By trapping reacting molecules in sub-nanometer cages, reactions that normally take days can be forced to occur in a fraction of a second.",https://www.google.com/search?tbm=isch&q=Single-atom+Transition+Metal+Complexes+for+Precision+Carbon+Capture,Low Popularity (Extremely Rare/Niche)
Topology-optimized Compliant Mechanisms for Micro-Vibration Isolation,Mechanical Engineering / Thermodynamics,"### Overview
Utilizes advanced architectural configuration at micro or nano scales to manipulate structural mechanics and wave propagation properties beyond conventional material limits.

### Why It Matters (Impact)
Drastically reduces weight while boosting mechanical resilience and energy dissipation capabilities for next-generation systems.

### Mind-Blowing Fact
💡 By controlling atomic-level vibrations, these systems can guide thermal currents along specific paths, effectively making heat turn corners.",https://www.google.com/search?tbm=isch&q=Topology-optimized+Compliant+Mechanisms+for+Micro-Vibration+Isolation,Low Popularity (Extremely Rare/Niche)
Self-healing Triboelectric Nanogenerators for Extreme Aerospace Environments,Mechanical Engineering / Solid Mechanics,"### Overview
Integrates responsive polymer matrices or flexible smart materials with tailored geometries to achieve autonomous actuation and sensory adaptation without external computing.

### Why It Matters (Impact)
Bypasses traditional mechanical failure and wear modes, offering unprecedented operational lifespans in harsh or inaccessible environments.

### Mind-Blowing Fact
💡 The localized structural response is so immediate that it mimics biological reflex loops, bypassing centralized electronic control delays entirely.",https://www.google.com/search?tbm=isch&q=Self-healing+Triboelectric+Nanogenerators+for+Extreme+Aerospace+Environments,Moderate Popularity
Electro-hydrodynamic Metamaterial Lattices for High-Precision Vascular Navigation,Mechanical Engineering / Thermodynamics,"### Overview
Utilizes advanced architectural configuration at micro or nano scales to manipulate structural mechanics and wave propagation properties beyond conventional material limits.

### Why It Matters (Impact)
Bypasses traditional mechanical failure and wear modes, offering unprecedented operational lifespans in harsh or inaccessible environments.

### Mind-Blowing Fact
💡 By controlling atomic-level vibrations, these systems can guide thermal currents along specific paths, effectively making heat turn corners.",https://www.google.com/search?tbm=isch&q=Electro-hydrodynamic+Metamaterial+Lattices+for+High-Precision+Vascular+Navigation,Moderate Popularity
Magneto-rheological Phononic Crystals for Extreme Aerospace Environments,Mechanical Engineering / Micro/Nano Electromechanical Systems (MEMS),"### Overview
Implements dynamic fluid-structure interactions or localized fields to control interfacial physics, thermal transport, or directional flow dynamics.

### Why It Matters (Impact)
Provides ultra-precise regulation of fluid or thermal fluxes, enabling breakthrough performance in sub-micron computing and micro-propulsion.

### Mind-Blowing Fact
💡 These configurations can demonstrate negative Poisson's ratios, meaning they expand sideways when stretched rather than getting thinner.",https://www.google.com/search?tbm=isch&q=Magneto-rheological+Phononic+Crystals+for+Extreme+Aerospace+Environments,Low Popularity (Extremely Rare/Niche)
Photoredox-driven Solid-State Electrolyte Interphases in Non-Equilibrium Chemical Systems,Chemistry & Chemical Engineering / Organic Synthesis,"### Overview
Arranges molecular architectures or quantum states in highly coordinated geometric configurations to dramatically lower activation energy barriers.

### Why It Matters (Impact)
Enables highly selective chemical transformations with zero unwanted side-products, transforming industrial green chemistry standards.

### Mind-Blowing Fact
💡 Controlling the quantum spin polarization of electrons can increase chemical reaction efficiency by orders of magnitude without changing the temperature.",https://www.google.com/search?tbm=isch&q=Photoredox-driven+Solid-State+Electrolyte+Interphases+in+Non-Equilibrium+Chemical+Systems,Low Popularity (Extremely Rare/Niche)
Self-healing Microfluidic Channels in High-Flux Electronic Cooling,Mechanical Engineering / Robotics & Control,"### Overview
Utilizes advanced architectural configuration at micro or nano scales to manipulate structural mechanics and wave propagation properties beyond conventional material limits.

### Why It Matters (Impact)
Bypasses traditional mechanical failure and wear modes, offering unprecedented operational lifespans in harsh or inaccessible environments.

### Mind-Blowing Fact
💡 By controlling atomic-level vibrations, these systems can guide thermal currents along specific paths, effectively making heat turn corners.",https://www.google.com/search?tbm=isch&q=Self-healing+Microfluidic+Channels+in+High-Flux+Electronic+Cooling,Moderate Popularity
Single-atom Bimetallic Nanoclusters for Precision Carbon Capture,Chemistry & Chemical Engineering / Organic Synthesis,"### Overview
Exploits confined localized environments and tailored surface configurations to govern electronic pathways and spin states during chemical transformations.

### Why It Matters (Impact)
Drastically accelerates sluggish reaction rates under ambient, energy-efficient conditions, eliminating the need for fossil-fueled heating.

### Mind-Blowing Fact
💡 Some of these catalysts can perform millions of complex molecular transformations before showing even a single atom of wear or degradation.",https://www.google.com/search?tbm=isch&q=Single-atom+Bimetallic+Nanoclusters+for+Precision+Carbon+Capture,Low Popularity (Extremely Rare/Niche)
Single-atom Bimetallic Nanoclusters for Solid-State Battery Stabilization,Chemistry & Chemical Engineering / Catalysis & Kinetics,"### Overview
Exploits confined localized environments and tailored surface configurations to govern electronic pathways and spin states during chemical transformations.

### Why It Matters (Impact)
Enables highly selective chemical transformations with zero unwanted side-products, transforming industrial green chemistry standards.

### Mind-Blowing Fact
💡 Some of these catalysts can perform millions of complex molecular transformations before showing even a single atom of wear or degradation.",https://www.google.com/search?tbm=isch&q=Single-atom+Bimetallic+Nanoclusters+for+Solid-State+Battery+Stabilization,Low Popularity (Extremely Rare/Niche)
Mechanochemical Quantum Embedding Interfaces for Ultra-trace Explosive Detection,Chemistry & Chemical Engineering / Quantum Chemistry,"### Overview
Utilizes alternative energy inputs like visible light, precise mechanical forces, or localized electric fields to bypass traditional thermodynamic constraints.

### Why It Matters (Impact)
Drastically accelerates sluggish reaction rates under ambient, energy-efficient conditions, eliminating the need for fossil-fueled heating.

### Mind-Blowing Fact
💡 Controlling the quantum spin polarization of electrons can increase chemical reaction efficiency by orders of magnitude without changing the temperature.",https://www.google.com/search?tbm=isch&q=Mechanochemical+Quantum+Embedding+Interfaces+for+Ultra-trace+Explosive+Detection,Low Popularity (Extremely Rare/Niche)
Self-healing Viscoelastic Dampers in Sub-Autonomous Deep-Sea Vehicles,Mechanical Engineering / Robotics & Control,"### Overview
Utilizes advanced architectural configuration at micro or nano scales to manipulate structural mechanics and wave propagation properties beyond conventional material limits.

### Why It Matters (Impact)
Bypasses traditional mechanical failure and wear modes, offering unprecedented operational lifespans in harsh or inaccessible environments.

### Mind-Blowing Fact
💡 By controlling atomic-level vibrations, these systems can guide thermal currents along specific paths, effectively making heat turn corners.",https://www.google.com/search?tbm=isch&q=Self-healing+Viscoelastic+Dampers+in+Sub-Autonomous+Deep-Sea+Vehicles,Moderate Popularity
Enantioselective Bio-mimetic Enzyme Mimics for Solid-State Battery Stabilization,Chemistry & Chemical Engineering / Surface & Interfacial Chemistry,"### Overview
Exploits confined localized environments and tailored surface configurations to govern electronic pathways and spin states during chemical transformations.

### Why It Matters (Impact)
Enables highly selective chemical transformations with zero unwanted side-products, transforming industrial green chemistry standards.

### Mind-Blowing Fact
💡 By trapping reacting molecules in sub-nanometer cages, reactions that normally take days can be forced to occur in a fraction of a second.",https://www.google.com/search?tbm=isch&q=Enantioselective+Bio-mimetic+Enzyme+Mimics+for+Solid-State+Battery+Stabilization,Low Popularity (Extremely Rare/Niche)
Supracritical Solid-State Electrolyte Interphases for Ultra-trace Explosive Detection,Chemistry & Chemical Engineering / Catalysis & Kinetics,"### Overview
Arranges molecular architectures or quantum states in highly coordinated geometric configurations to dramatically lower activation energy barriers.

### Why It Matters (Impact)
Unlocks access to previously unstable molecular geometries and material structures, paving the way for next-generation quantum devices.

### Mind-Blowing Fact
💡 Controlling the quantum spin polarization of electrons can increase chemical reaction efficiency by orders of magnitude without changing the temperature.",https://www.google.com/search?tbm=isch&q=Supracritical+Solid-State+Electrolyte+Interphases+for+Ultra-trace+Explosive+Detection,Low Popularity (Extremely Rare/Niche)
Mechanochemical Solid-State Electrolyte Interphases for Ultra-trace Explosive Detection,Chemistry & Chemical Engineering / Quantum Chemistry,"### Overview
Exploits confined localized environments and tailored surface configurations to govern electronic pathways and spin states during chemical transformations.

### Why It Matters (Impact)
Unlocks access to previously unstable molecular geometries and material structures, paving the way for next-generation quantum devices.

### Mind-Blowing Fact
💡 By trapping reacting molecules in sub-nanometer cages, reactions that normally take days can be forced to occur in a fraction of a second.",https://www.google.com/search?tbm=isch&q=Mechanochemical+Solid-State+Electrolyte+Interphases+for+Ultra-trace+Explosive+Detection,Moderate Popularity
Solvent-free Spin-polarized Catalysts for Precision Carbon Capture,Chemistry & Chemical Engineering / Catalysis & Kinetics,"### Overview
Arranges molecular architectures or quantum states in highly coordinated geometric configurations to dramatically lower activation energy barriers.

### Why It Matters (Impact)
Unlocks access to previously unstable molecular geometries and material structures, paving the way for next-generation quantum devices.

### Mind-Blowing Fact
💡 Some of these catalysts can perform millions of complex molecular transformations before showing even a single atom of wear or degradation.",https://www.google.com/search?tbm=isch&q=Solvent-free+Spin-polarized+Catalysts+for+Precision+Carbon+Capture,Low Popularity (Extremely Rare/Niche)
Non-linear Boundary Layer Actuators for High-Precision Vascular Navigation,Mechanical Engineering / Fluid Dynamics,"### Overview
Implements dynamic fluid-structure interactions or localized fields to control interfacial physics, thermal transport, or directional flow dynamics.

### Why It Matters (Impact)
Provides ultra-precise regulation of fluid or thermal fluxes, enabling breakthrough performance in sub-micron computing and micro-propulsion.

### Mind-Blowing Fact
💡 The localized structural response is so immediate that it mimics biological reflex loops, bypassing centralized electronic control delays entirely.",https://www.google.com/search?tbm=isch&q=Non-linear+Boundary+Layer+Actuators+for+High-Precision+Vascular+Navigation,Moderate Popularity
Magneto-rheological Viscoelastic Dampers for Adaptive Structural Shifting,Mechanical Engineering / Robotics & Control,"### Overview
Utilizes advanced architectural configuration at micro or nano scales to manipulate structural mechanics and wave propagation properties beyond conventional material limits.

### Why It Matters (Impact)
Bypasses traditional mechanical failure and wear modes, offering unprecedented operational lifespans in harsh or inaccessible environments.

### Mind-Blowing Fact
💡 These configurations can demonstrate negative Poisson's ratios, meaning they expand sideways when stretched rather than getting thinner.",https://www.google.com/search?tbm=isch&q=Magneto-rheological+Viscoelastic+Dampers+for+Adaptive+Structural+Shifting,Low Popularity (Extremely Rare/Niche)
Electrocatalytic Bimetallic Nanoclusters in Targeted C-H Activation,Chemistry & Chemical Engineering / Catalysis & Kinetics,"### Overview
Arranges molecular architectures or quantum states in highly coordinated geometric configurations to dramatically lower activation energy barriers.

### Why It Matters (Impact)
Unlocks access to previously unstable molecular geometries and material structures, paving the way for next-generation quantum devices.

### Mind-Blowing Fact
💡 By trapping reacting molecules in sub-nanometer cages, reactions that normally take days can be forced to occur in a fraction of a second.",https://www.google.com/search?tbm=isch&q=Electrocatalytic+Bimetallic+Nanoclusters+in+Targeted+C-H+Activation,Low Popularity (Extremely Rare/Niche)
Photoredox-driven Deep Eutectic Solvents for Solid-State Battery Stabilization,Chemistry & Chemical Engineering / Surface & Interfacial Chemistry,"### Overview
Utilizes alternative energy inputs like visible light, precise mechanical forces, or localized electric fields to bypass traditional thermodynamic constraints.

### Why It Matters (Impact)
Drastically accelerates sluggish reaction rates under ambient, energy-efficient conditions, eliminating the need for fossil-fueled heating.

### Mind-Blowing Fact
💡 By trapping reacting molecules in sub-nanometer cages, reactions that normally take days can be forced to occur in a fraction of a second.",https://www.google.com/search?tbm=isch&q=Photoredox-driven+Deep+Eutectic+Solvents+for+Solid-State+Battery+Stabilization,Low Popularity (Extremely Rare/Niche)
Photoredox-driven Spin-polarized Catalysts in Targeted C-H Activation,Chemistry & Chemical Engineering / Organic Synthesis,"### Overview
Exploits confined localized environments and tailored surface configurations to govern electronic pathways and spin states during chemical transformations.

### Why It Matters (Impact)
Enables highly selective chemical transformations with zero unwanted side-products, transforming industrial green chemistry standards.

### Mind-Blowing Fact
💡 Some of these catalysts can perform millions of complex molecular transformations before showing even a single atom of wear or degradation.",https://www.google.com/search?tbm=isch&q=Photoredox-driven+Spin-polarized+Catalysts+in+Targeted+C-H+Activation,Low Popularity (Extremely Rare/Niche)
Magneto-rheological Phononic Crystals in Sub-Autonomous Deep-Sea Vehicles,Mechanical Engineering / Thermodynamics,"### Overview
Implements dynamic fluid-structure interactions or localized fields to control interfacial physics, thermal transport, or directional flow dynamics.

### Why It Matters (Impact)
Drastically reduces weight while boosting mechanical resilience and energy dissipation capabilities for next-generation systems.

### Mind-Blowing Fact
💡 The localized structural response is so immediate that it mimics biological reflex loops, bypassing centralized electronic control delays entirely.",https://www.google.com/search?tbm=isch&q=Magneto-rheological+Phononic+Crystals+in+Sub-Autonomous+Deep-Sea+Vehicles,Moderate Popularity
Heterogeneous Transition Metal Complexes in Chiral Pharmaceutical Separation,Chemistry & Chemical Engineering / Surface & Interfacial Chemistry,"### Overview
Arranges molecular architectures or quantum states in highly coordinated geometric configurations to dramatically lower activation energy barriers.

### Why It Matters (Impact)
Enables highly selective chemical transformations with zero unwanted side-products, transforming industrial green chemistry standards.

### Mind-Blowing Fact
💡 Controlling the quantum spin polarization of electrons can increase chemical reaction efficiency by orders of magnitude without changing the temperature.",https://www.google.com/search?tbm=isch&q=Heterogeneous+Transition+Metal+Complexes+in+Chiral+Pharmaceutical+Separation,Moderate Popularity
Chiral-induced Micro-flow Reactor Systems in Renewable Biomass Upcycling,Chemistry & Chemical Engineering / Surface & Interfacial Chemistry,"### Overview
Utilizes alternative energy inputs like visible light, precise mechanical forces, or localized electric fields to bypass traditional thermodynamic constraints.

### Why It Matters (Impact)
Enables highly selective chemical transformations with zero unwanted side-products, transforming industrial green chemistry standards.

### Mind-Blowing Fact
💡 Some of these catalysts can perform millions of complex molecular transformations before showing even a single atom of wear or degradation.",https://www.google.com/search?tbm=isch&q=Chiral-induced+Micro-flow+Reactor+Systems+in+Renewable+Biomass+Upcycling,Moderate Popularity
Electro-hydrodynamic Soft Robotic Actuators in Multi-Scale Energy Scavenging,Mechanical Engineering / Thermodynamics,"### Overview
Implements dynamic fluid-structure interactions or localized fields to control interfacial physics, thermal transport, or directional flow dynamics.

### Why It Matters (Impact)
Bypasses traditional mechanical failure and wear modes, offering unprecedented operational lifespans in harsh or inaccessible environments.

### Mind-Blowing Fact
💡 These configurations can demonstrate negative Poisson's ratios, meaning they expand sideways when stretched rather than getting thinner.",https://www.google.com/search?tbm=isch&q=Electro-hydrodynamic+Soft+Robotic+Actuators+in+Multi-Scale+Energy+Scavenging,Moderate Popularity
Supracritical Plasmonic Nanostructures in Non-Equilibrium Chemical Systems,Chemistry & Chemical Engineering / Quantum Chemistry,"### Overview
Arranges molecular architectures or quantum states in highly coordinated geometric configurations to dramatically lower activation energy barriers.

### Why It Matters (Impact)
Unlocks access to previously unstable molecular geometries and material structures, paving the way for next-generation quantum devices.

### Mind-Blowing Fact
💡 Some of these catalysts can perform millions of complex molecular transformations before showing even a single atom of wear or degradation.",https://www.google.com/search?tbm=isch&q=Supracritical+Plasmonic+Nanostructures+in+Non-Equilibrium+Chemical+Systems,Moderate Popularity
Cryogenic Metamaterial Lattices for Micro-Vibration Isolation,Mechanical Engineering / Robotics & Control,"### Overview
Integrates responsive polymer matrices or flexible smart materials with tailored geometries to achieve autonomous actuation and sensory adaptation without external computing.

### Why It Matters (Impact)
Drastically reduces weight while boosting mechanical resilience and energy dissipation capabilities for next-generation systems.

### Mind-Blowing Fact
💡 By controlling atomic-level vibrations, these systems can guide thermal currents along specific paths, effectively making heat turn corners.",https://www.google.com/search?tbm=isch&q=Cryogenic+Metamaterial+Lattices+for+Micro-Vibration+Isolation,Moderate Popularity
Topology-optimized Viscoelastic Dampers in Sub-Autonomous Deep-Sea Vehicles,Mechanical Engineering / Thermodynamics,"### Overview
Utilizes advanced architectural configuration at micro or nano scales to manipulate structural mechanics and wave propagation properties beyond conventional material limits.

### Why It Matters (Impact)
Provides ultra-precise regulation of fluid or thermal fluxes, enabling breakthrough performance in sub-micron computing and micro-propulsion.

### Mind-Blowing Fact
💡 These configurations can demonstrate negative Poisson's ratios, meaning they expand sideways when stretched rather than getting thinner.",https://www.google.com/search?tbm=isch&q=Topology-optimized+Viscoelastic+Dampers+in+Sub-Autonomous+Deep-Sea+Vehicles,Low Popularity (Extremely Rare/Niche)
Anisotropic Capillary Interfaces for Micro-Vibration Isolation,Mechanical Engineering / Thermodynamics,"### Overview
Integrates responsive polymer matrices or flexible smart materials with tailored geometries to achieve autonomous actuation and sensory adaptation without external computing.

### Why It Matters (Impact)
Bypasses traditional mechanical failure and wear modes, offering unprecedented operational lifespans in harsh or inaccessible environments.

### Mind-Blowing Fact
💡 These configurations can demonstrate negative Poisson's ratios, meaning they expand sideways when stretched rather than getting thinner.",https://www.google.com/search?tbm=isch&q=Anisotropic+Capillary+Interfaces+for+Micro-Vibration+Isolation,Moderate Popularity
Anisotropic Viscoelastic Dampers for Extreme Aerospace Environments,Mechanical Engineering / Micro/Nano Electromechanical Systems (MEMS),"### Overview
Utilizes advanced architectural configuration at micro or nano scales to manipulate structural mechanics and wave propagation properties beyond conventional material limits.

### Why It Matters (Impact)
Drastically reduces weight while boosting mechanical resilience and energy dissipation capabilities for next-generation systems.

### Mind-Blowing Fact
💡 These configurations can demonstrate negative Poisson's ratios, meaning they expand sideways when stretched rather than getting thinner.",https://www.google.com/search?tbm=isch&q=Anisotropic+Viscoelastic+Dampers+for+Extreme+Aerospace+Environments,Low Popularity (Extremely Rare/Niche)
Electro-hydrodynamic Triboelectric Nanogenerators for Extreme Aerospace Environments,Mechanical Engineering / Micro/Nano Electromechanical Systems (MEMS),"### Overview
Implements dynamic fluid-structure interactions or localized fields to control interfacial physics, thermal transport, or directional flow dynamics.

### Why It Matters (Impact)
Bypasses traditional mechanical failure and wear modes, offering unprecedented operational lifespans in harsh or inaccessible environments.

### Mind-Blowing Fact
💡 The localized structural response is so immediate that it mimics biological reflex loops, bypassing centralized electronic control delays entirely.",https://www.google.com/search?tbm=isch&q=Electro-hydrodynamic+Triboelectric+Nanogenerators+for+Extreme+Aerospace+Environments,Low Popularity (Extremely Rare/Niche)
Heterogeneous Quantum Embedding Interfaces for Solid-State Battery Stabilization,Chemistry & Chemical Engineering / Electrochemistry,"### Overview
Exploits confined localized environments and tailored surface configurations to govern electronic pathways and spin states during chemical transformations.

### Why It Matters (Impact)
Enables highly selective chemical transformations with zero unwanted side-products, transforming industrial green chemistry standards.

### Mind-Blowing Fact
💡 Some of these catalysts can perform millions of complex molecular transformations before showing even a single atom of wear or degradation.",https://www.google.com/search?tbm=isch&q=Heterogeneous+Quantum+Embedding+Interfaces+for+Solid-State+Battery+Stabilization,Moderate Popularity
Anisotropic Microfluidic Channels for High-Precision Vascular Navigation,Mechanical Engineering / Thermodynamics,"### Overview
Integrates responsive polymer matrices or flexible smart materials with tailored geometries to achieve autonomous actuation and sensory adaptation without external computing.

### Why It Matters (Impact)
Provides ultra-precise regulation of fluid or thermal fluxes, enabling breakthrough performance in sub-micron computing and micro-propulsion.

### Mind-Blowing Fact
💡 The localized structural response is so immediate that it mimics biological reflex loops, bypassing centralized electronic control delays entirely.",https://www.google.com/search?tbm=isch&q=Anisotropic+Microfluidic+Channels+for+High-Precision+Vascular+Navigation,Low Popularity (Extremely Rare/Niche)
Mechanochemical Bio-mimetic Enzyme Mimics in Targeted C-H Activation,Chemistry & Chemical Engineering / Organic Synthesis,"### Overview
Exploits confined localized environments and tailored surface configurations to govern electronic pathways and spin states during chemical transformations.

### Why It Matters (Impact)
Enables highly selective chemical transformations with zero unwanted side-products, transforming industrial green chemistry standards.

### Mind-Blowing Fact
💡 Controlling the quantum spin polarization of electrons can increase chemical reaction efficiency by orders of magnitude without changing the temperature.",https://www.google.com/search?tbm=isch&q=Mechanochemical+Bio-mimetic+Enzyme+Mimics+in+Targeted+C-H+Activation,Moderate Popularity
Heterogeneous Spin-polarized Catalysts in Targeted C-H Activation,Chemistry & Chemical Engineering / Electrochemistry,"### Overview
Arranges molecular architectures or quantum states in highly coordinated geometric configurations to dramatically lower activation energy barriers.

### Why It Matters (Impact)
Drastically accelerates sluggish reaction rates under ambient, energy-efficient conditions, eliminating the need for fossil-fueled heating.

### Mind-Blowing Fact
💡 Controlling the quantum spin polarization of electrons can increase chemical reaction efficiency by orders of magnitude without changing the temperature.",https://www.google.com/search?tbm=isch&q=Heterogeneous+Spin-polarized+Catalysts+in+Targeted+C-H+Activation,Low Popularity (Extremely Rare/Niche)
Magneto-rheological Triboelectric Nanogenerators for High-Precision Vascular Navigation,Mechanical Engineering / Fluid Dynamics,"### Overview
Utilizes advanced architectural configuration at micro or nano scales to manipulate structural mechanics and wave propagation properties beyond conventional material limits.

### Why It Matters (Impact)
Drastically reduces weight while boosting mechanical resilience and energy dissipation capabilities for next-generation systems.

### Mind-Blowing Fact
💡 By controlling atomic-level vibrations, these systems can guide thermal currents along specific paths, effectively making heat turn corners.",https://www.google.com/search?tbm=isch&q=Magneto-rheological+Triboelectric+Nanogenerators+for+High-Precision+Vascular+Navigation,Low Popularity (Extremely Rare/Niche)
Supracritical Bimetallic Nanoclusters in Chiral Pharmaceutical Separation,Chemistry & Chemical Engineering / Surface & Interfacial Chemistry,"### Overview
Utilizes alternative energy inputs like visible light, precise mechanical forces, or localized electric fields to bypass traditional thermodynamic constraints.

### Why It Matters (Impact)
Drastically accelerates sluggish reaction rates under ambient, energy-efficient conditions, eliminating the need for fossil-fueled heating.

### Mind-Blowing Fact
💡 By trapping reacting molecules in sub-nanometer cages, reactions that normally take days can be forced to occur in a fraction of a second.",https://www.google.com/search?tbm=isch&q=Supracritical+Bimetallic+Nanoclusters+in+Chiral+Pharmaceutical+Separation,Moderate Popularity
Electro-hydrodynamic Microfluidic Channels in Sub-Autonomous Deep-Sea Vehicles,Mechanical Engineering / Solid Mechanics,"### Overview
Integrates responsive polymer matrices or flexible smart materials with tailored geometries to achieve autonomous actuation and sensory adaptation without external computing.

### Why It Matters (Impact)
Provides ultra-precise regulation of fluid or thermal fluxes, enabling breakthrough performance in sub-micron computing and micro-propulsion.

### Mind-Blowing Fact
💡 By controlling atomic-level vibrations, these systems can guide thermal currents along specific paths, effectively making heat turn corners.",https://www.google.com/search?tbm=isch&q=Electro-hydrodynamic+Microfluidic+Channels+in+Sub-Autonomous+Deep-Sea+Vehicles,Low Popularity (Extremely Rare/Niche)
Asymmetric Triboelectric Nanogenerators for Soft Neuromorphic Robotics,Mechanical Engineering / Robotics & Control,"### Overview
Implements dynamic fluid-structure interactions or localized fields to control interfacial physics, thermal transport, or directional flow dynamics.

### Why It Matters (Impact)
Bypasses traditional mechanical failure and wear modes, offering unprecedented operational lifespans in harsh or inaccessible environments.

### Mind-Blowing Fact
💡 By controlling atomic-level vibrations, these systems can guide thermal currents along specific paths, effectively making heat turn corners.",https://www.google.com/search?tbm=isch&q=Asymmetric+Triboelectric+Nanogenerators+for+Soft+Neuromorphic+Robotics,Moderate Popularity
Supracritical Bio-mimetic Enzyme Mimics for Solid-State Battery Stabilization,Chemistry & Chemical Engineering / Surface & Interfacial Chemistry,"### Overview
Utilizes alternative energy inputs like visible light, precise mechanical forces, or localized electric fields to bypass traditional thermodynamic constraints.

### Why It Matters (Impact)
Unlocks access to previously unstable molecular geometries and material structures, paving the way for next-generation quantum devices.

### Mind-Blowing Fact
💡 Some of these catalysts can perform millions of complex molecular transformations before showing even a single atom of wear or degradation.",https://www.google.com/search?tbm=isch&q=Supracritical+Bio-mimetic+Enzyme+Mimics+for+Solid-State+Battery+Stabilization,Moderate Popularity
Electro-hydrodynamic Viscoelastic Dampers for High-Precision Vascular Navigation,Mechanical Engineering / Solid Mechanics,"### Overview
Integrates responsive polymer matrices or flexible smart materials with tailored geometries to achieve autonomous actuation and sensory adaptation without external computing.

### Why It Matters (Impact)
Provides ultra-precise regulation of fluid or thermal fluxes, enabling breakthrough performance in sub-micron computing and micro-propulsion.

### Mind-Blowing Fact
💡 These configurations can demonstrate negative Poisson's ratios, meaning they expand sideways when stretched rather than getting thinner.",https://www.google.com/search?tbm=isch&q=Electro-hydrodynamic+Viscoelastic+Dampers+for+High-Precision+Vascular+Navigation,Moderate Popularity
Single-atom Covalent Organic Frameworks (COFs) for Precision Carbon Capture,Chemistry & Chemical Engineering / Surface & Interfacial Chemistry,"### Overview
Arranges molecular architectures or quantum states in highly coordinated geometric configurations to dramatically lower activation energy barriers.

### Why It Matters (Impact)
Unlocks access to previously unstable molecular geometries and material structures, paving the way for next-generation quantum devices.

### Mind-Blowing Fact
💡 Controlling the quantum spin polarization of electrons can increase chemical reaction efficiency by orders of magnitude without changing the temperature.",https://www.google.com/search?tbm=isch&q=Single-atom+Covalent+Organic+Frameworks+%28COFs%29+for+Precision+Carbon+Capture,Low Popularity (Extremely Rare/Niche)
Chiral-induced Bio-mimetic Enzyme Mimics for High-Density Green Hydrogen Production,Chemistry & Chemical Engineering / Organic Synthesis,"### Overview
Exploits confined localized environments and tailored surface configurations to govern electronic pathways and spin states during chemical transformations.

### Why It Matters (Impact)
Unlocks access to previously unstable molecular geometries and material structures, paving the way for next-generation quantum devices.

### Mind-Blowing Fact
💡 Controlling the quantum spin polarization of electrons can increase chemical reaction efficiency by orders of magnitude without changing the temperature.",https://www.google.com/search?tbm=isch&q=Chiral-induced+Bio-mimetic+Enzyme+Mimics+for+High-Density+Green+Hydrogen+Production,Moderate Popularity
Electrocatalytic Solid-State Electrolyte Interphases in Non-Equilibrium Chemical Systems,Chemistry & Chemical Engineering / Surface & Interfacial Chemistry,"### Overview
Utilizes alternative energy inputs like visible light, precise mechanical forces, or localized electric fields to bypass traditional thermodynamic constraints.

### Why It Matters (Impact)
Unlocks access to previously unstable molecular geometries and material structures, paving the way for next-generation quantum devices.

### Mind-Blowing Fact
💡 Some of these catalysts can perform millions of complex molecular transformations before showing even a single atom of wear or degradation.",https://www.google.com/search?tbm=isch&q=Electrocatalytic+Solid-State+Electrolyte+Interphases+in+Non-Equilibrium+Chemical+Systems,Low Popularity (Extremely Rare/Niche)
Single-atom Micro-flow Reactor Systems in Non-Equilibrium Chemical Systems,Chemistry & Chemical Engineering / Electrochemistry,"### Overview
Utilizes alternative energy inputs like visible light, precise mechanical forces, or localized electric fields to bypass traditional thermodynamic constraints.

### Why It Matters (Impact)
Enables highly selective chemical transformations with zero unwanted side-products, transforming industrial green chemistry standards.

### Mind-Blowing Fact
💡 Controlling the quantum spin polarization of electrons can increase chemical reaction efficiency by orders of magnitude without changing the temperature.",https://www.google.com/search?tbm=isch&q=Single-atom+Micro-flow+Reactor+Systems+in+Non-Equilibrium+Chemical+Systems,Low Popularity (Extremely Rare/Niche)
Self-healing Compliant Mechanisms for Soft Neuromorphic Robotics,Mechanical Engineering / Micro/Nano Electromechanical Systems (MEMS),"### Overview
Integrates responsive polymer matrices or flexible smart materials with tailored geometries to achieve autonomous actuation and sensory adaptation without external computing.

### Why It Matters (Impact)
Drastically reduces weight while boosting mechanical resilience and energy dissipation capabilities for next-generation systems.

### Mind-Blowing Fact
💡 The localized structural response is so immediate that it mimics biological reflex loops, bypassing centralized electronic control delays entirely.",https://www.google.com/search?tbm=isch&q=Self-healing+Compliant+Mechanisms+for+Soft+Neuromorphic+Robotics,Low Popularity (Extremely Rare/Niche)
Anisotropic Thermoelectric Harvesters in High-Flux Electronic Cooling,Mechanical Engineering / Micro/Nano Electromechanical Systems (MEMS),"### Overview
Integrates responsive polymer matrices or flexible smart materials with tailored geometries to achieve autonomous actuation and sensory adaptation without external computing.

### Why It Matters (Impact)
Drastically reduces weight while boosting mechanical resilience and energy dissipation capabilities for next-generation systems.

### Mind-Blowing Fact
💡 These configurations can demonstrate negative Poisson's ratios, meaning they expand sideways when stretched rather than getting thinner.",https://www.google.com/search?tbm=isch&q=Anisotropic+Thermoelectric+Harvesters+in+High-Flux+Electronic+Cooling,Moderate Popularity
Self-healing Viscoelastic Dampers in Multi-Scale Energy Scavenging,Mechanical Engineering / Solid Mechanics,"### Overview
Utilizes advanced architectural configuration at micro or nano scales to manipulate structural mechanics and wave propagation properties beyond conventional material limits.

### Why It Matters (Impact)
Provides ultra-precise regulation of fluid or thermal fluxes, enabling breakthrough performance in sub-micron computing and micro-propulsion.

### Mind-Blowing Fact
💡 The localized structural response is so immediate that it mimics biological reflex loops, bypassing centralized electronic control delays entirely.",https://www.google.com/search?tbm=isch&q=Self-healing+Viscoelastic+Dampers+in+Multi-Scale+Energy+Scavenging,Moderate Popularity
Chiral-induced Plasmonic Nanostructures for Precision Carbon Capture,Chemistry & Chemical Engineering / Surface & Interfacial Chemistry,"### Overview
Utilizes alternative energy inputs like visible light, precise mechanical forces, or localized electric fields to bypass traditional thermodynamic constraints.

### Why It Matters (Impact)
Enables highly selective chemical transformations with zero unwanted side-products, transforming industrial green chemistry standards.

### Mind-Blowing Fact
💡 Some of these catalysts can perform millions of complex molecular transformations before showing even a single atom of wear or degradation.",https://www.google.com/search?tbm=isch&q=Chiral-induced+Plasmonic+Nanostructures+for+Precision+Carbon+Capture,Moderate Popularity
Solvent-free Quantum Embedding Interfaces in Non-Equilibrium Chemical Systems,Chemistry & Chemical Engineering / Electrochemistry,"### Overview
Arranges molecular architectures or quantum states in highly coordinated geometric configurations to dramatically lower activation energy barriers.

### Why It Matters (Impact)
Drastically accelerates sluggish reaction rates under ambient, energy-efficient conditions, eliminating the need for fossil-fueled heating.

### Mind-Blowing Fact
💡 Some of these catalysts can perform millions of complex molecular transformations before showing even a single atom of wear or degradation.",https://www.google.com/search?tbm=isch&q=Solvent-free+Quantum+Embedding+Interfaces+in+Non-Equilibrium+Chemical+Systems,Low Popularity (Extremely Rare/Niche)
Chiral-induced Plasmonic Nanostructures in Chiral Pharmaceutical Separation,Chemistry & Chemical Engineering / Catalysis & Kinetics,"### Overview
Arranges molecular architectures or quantum states in highly coordinated geometric configurations to dramatically lower activation energy barriers.

### Why It Matters (Impact)
Drastically accelerates sluggish reaction rates under ambient, energy-efficient conditions, eliminating the need for fossil-fueled heating.

### Mind-Blowing Fact
💡 Some of these catalysts can perform millions of complex molecular transformations before showing even a single atom of wear or degradation.",https://www.google.com/search?tbm=isch&q=Chiral-induced+Plasmonic+Nanostructures+in+Chiral+Pharmaceutical+Separation,Low Popularity (Extremely Rare/Niche)
Bio-inspired Boundary Layer Actuators for Adaptive Structural Shifting,Mechanical Engineering / Thermodynamics,"### Overview
Implements dynamic fluid-structure interactions or localized fields to control interfacial physics, thermal transport, or directional flow dynamics.

### Why It Matters (Impact)
Provides ultra-precise regulation of fluid or thermal fluxes, enabling breakthrough performance in sub-micron computing and micro-propulsion.

### Mind-Blowing Fact
💡 By controlling atomic-level vibrations, these systems can guide thermal currents along specific paths, effectively making heat turn corners.",https://www.google.com/search?tbm=isch&q=Bio-inspired+Boundary+Layer+Actuators+for+Adaptive+Structural+Shifting,Low Popularity (Extremely Rare/Niche)
Chiral-induced Bio-mimetic Enzyme Mimics for Ultra-trace Explosive Detection,Chemistry & Chemical Engineering / Quantum Chemistry,"### Overview
Exploits confined localized environments and tailored surface configurations to govern electronic pathways and spin states during chemical transformations.

### Why It Matters (Impact)
Drastically accelerates sluggish reaction rates under ambient, energy-efficient conditions, eliminating the need for fossil-fueled heating.

### Mind-Blowing Fact
💡 By trapping reacting molecules in sub-nanometer cages, reactions that normally take days can be forced to occur in a fraction of a second.",https://www.google.com/search?tbm=isch&q=Chiral-induced+Bio-mimetic+Enzyme+Mimics+for+Ultra-trace+Explosive+Detection,Low Popularity (Extremely Rare/Niche)
Non-linear Viscoelastic Dampers for Adaptive Structural Shifting,Mechanical Engineering / Thermodynamics,"### Overview
Integrates responsive polymer matrices or flexible smart materials with tailored geometries to achieve autonomous actuation and sensory adaptation without external computing.

### Why It Matters (Impact)
Provides ultra-precise regulation of fluid or thermal fluxes, enabling breakthrough performance in sub-micron computing and micro-propulsion.

### Mind-Blowing Fact
💡 The localized structural response is so immediate that it mimics biological reflex loops, bypassing centralized electronic control delays entirely.",https://www.google.com/search?tbm=isch&q=Non-linear+Viscoelastic+Dampers+for+Adaptive+Structural+Shifting,Low Popularity (Extremely Rare/Niche)
Cryogenic Compliant Mechanisms in Sub-Autonomous Deep-Sea Vehicles,Mechanical Engineering / Fluid Dynamics,"### Overview
Utilizes advanced architectural configuration at micro or nano scales to manipulate structural mechanics and wave propagation properties beyond conventional material limits.

### Why It Matters (Impact)
Drastically reduces weight while boosting mechanical resilience and energy dissipation capabilities for next-generation systems.

### Mind-Blowing Fact
💡 The localized structural response is so immediate that it mimics biological reflex loops, bypassing centralized electronic control delays entirely.",https://www.google.com/search?tbm=isch&q=Cryogenic+Compliant+Mechanisms+in+Sub-Autonomous+Deep-Sea+Vehicles,Moderate Popularity
Cryogenic Boundary Layer Actuators for Soft Neuromorphic Robotics,Mechanical Engineering / Solid Mechanics,"### Overview
Utilizes advanced architectural configuration at micro or nano scales to manipulate structural mechanics and wave propagation properties beyond conventional material limits.

### Why It Matters (Impact)
Drastically reduces weight while boosting mechanical resilience and energy dissipation capabilities for next-generation systems.

### Mind-Blowing Fact
💡 By controlling atomic-level vibrations, these systems can guide thermal currents along specific paths, effectively making heat turn corners.",https://www.google.com/search?tbm=isch&q=Cryogenic+Boundary+Layer+Actuators+for+Soft+Neuromorphic+Robotics,Low Popularity (Extremely Rare/Niche)
Enantioselective Covalent Organic Frameworks (COFs) for High-Density Green Hydrogen Production,Chemistry & Chemical Engineering / Quantum Chemistry,"### Overview
Exploits confined localized environments and tailored surface configurations to govern electronic pathways and spin states during chemical transformations.

### Why It Matters (Impact)
Unlocks access to previously unstable molecular geometries and material structures, paving the way for next-generation quantum devices.

### Mind-Blowing Fact
💡 Controlling the quantum spin polarization of electrons can increase chemical reaction efficiency by orders of magnitude without changing the temperature.",https://www.google.com/search?tbm=isch&q=Enantioselective+Covalent+Organic+Frameworks+%28COFs%29+for+High-Density+Green+Hydrogen+Production,Low Popularity (Extremely Rare/Niche)
Magneto-rheological Compliant Mechanisms for Extreme Aerospace Environments,Mechanical Engineering / Thermodynamics,"### Overview
Utilizes advanced architectural configuration at micro or nano scales to manipulate structural mechanics and wave propagation properties beyond conventional material limits.

### Why It Matters (Impact)
Bypasses traditional mechanical failure and wear modes, offering unprecedented operational lifespans in harsh or inaccessible environments.

### Mind-Blowing Fact
💡 The localized structural response is so immediate that it mimics biological reflex loops, bypassing centralized electronic control delays entirely.",https://www.google.com/search?tbm=isch&q=Magneto-rheological+Compliant+Mechanisms+for+Extreme+Aerospace+Environments,Moderate Popularity
Electro-hydrodynamic Microfluidic Channels for Extreme Aerospace Environments,Mechanical Engineering / Fluid Dynamics,"### Overview
Implements dynamic fluid-structure interactions or localized fields to control interfacial physics, thermal transport, or directional flow dynamics.

### Why It Matters (Impact)
Provides ultra-precise regulation of fluid or thermal fluxes, enabling breakthrough performance in sub-micron computing and micro-propulsion.

### Mind-Blowing Fact
💡 These configurations can demonstrate negative Poisson's ratios, meaning they expand sideways when stretched rather than getting thinner.",https://www.google.com/search?tbm=isch&q=Electro-hydrodynamic+Microfluidic+Channels+for+Extreme+Aerospace+Environments,Low Popularity (Extremely Rare/Niche)
Bio-inspired Triboelectric Nanogenerators for Micro-Vibration Isolation,Mechanical Engineering / Solid Mechanics,"### Overview
Implements dynamic fluid-structure interactions or localized fields to control interfacial physics, thermal transport, or directional flow dynamics.

### Why It Matters (Impact)
Provides ultra-precise regulation of fluid or thermal fluxes, enabling breakthrough performance in sub-micron computing and micro-propulsion.

### Mind-Blowing Fact
💡 By controlling atomic-level vibrations, these systems can guide thermal currents along specific paths, effectively making heat turn corners.",https://www.google.com/search?tbm=isch&q=Bio-inspired+Triboelectric+Nanogenerators+for+Micro-Vibration+Isolation,Low Popularity (Extremely Rare/Niche)
Micro-architected Soft Robotic Actuators in Sub-Autonomous Deep-Sea Vehicles,Mechanical Engineering / Thermodynamics,"### Overview
Integrates responsive polymer matrices or flexible smart materials with tailored geometries to achieve autonomous actuation and sensory adaptation without external computing.

### Why It Matters (Impact)
Drastically reduces weight while boosting mechanical resilience and energy dissipation capabilities for next-generation systems.

### Mind-Blowing Fact
💡 These configurations can demonstrate negative Poisson's ratios, meaning they expand sideways when stretched rather than getting thinner.",https://www.google.com/search?tbm=isch&q=Micro-architected+Soft+Robotic+Actuators+in+Sub-Autonomous+Deep-Sea+Vehicles,Low Popularity (Extremely Rare/Niche)
Heterogeneous Spin-polarized Catalysts for Ultra-trace Explosive Detection,Chemistry & Chemical Engineering / Surface & Interfacial Chemistry,"### Overview
Exploits confined localized environments and tailored surface configurations to govern electronic pathways and spin states during chemical transformations.

### Why It Matters (Impact)
Unlocks access to previously unstable molecular geometries and material structures, paving the way for next-generation quantum devices.

### Mind-Blowing Fact
💡 Controlling the quantum spin polarization of electrons can increase chemical reaction efficiency by orders of magnitude without changing the temperature.",https://www.google.com/search?tbm=isch&q=Heterogeneous+Spin-polarized+Catalysts+for+Ultra-trace+Explosive+Detection,Moderate Popularity
Enantioselective Spin-polarized Catalysts in Renewable Biomass Upcycling,Chemistry & Chemical Engineering / Quantum Chemistry,"### Overview
Exploits confined localized environments and tailored surface configurations to govern electronic pathways and spin states during chemical transformations.

### Why It Matters (Impact)
Enables highly selective chemical transformations with zero unwanted side-products, transforming industrial green chemistry standards.

### Mind-Blowing Fact
💡 By trapping reacting molecules in sub-nanometer cages, reactions that normally take days can be forced to occur in a fraction of a second.",https://www.google.com/search?tbm=isch&q=Enantioselective+Spin-polarized+Catalysts+in+Renewable+Biomass+Upcycling,Low Popularity (Extremely Rare/Niche)
Supracritical Deep Eutectic Solvents in Non-Equilibrium Chemical Systems,Chemistry & Chemical Engineering / Organic Synthesis,"### Overview
Exploits confined localized environments and tailored surface configurations to govern electronic pathways and spin states during chemical transformations.

### Why It Matters (Impact)
Unlocks access to previously unstable molecular geometries and material structures, paving the way for next-generation quantum devices.

### Mind-Blowing Fact
💡 Some of these catalysts can perform millions of complex molecular transformations before showing even a single atom of wear or degradation.",https://www.google.com/search?tbm=isch&q=Supracritical+Deep+Eutectic+Solvents+in+Non-Equilibrium+Chemical+Systems,Moderate Popularity
Heterogeneous Covalent Organic Frameworks (COFs) in Targeted C-H Activation,Chemistry & Chemical Engineering / Catalysis & Kinetics,"### Overview
Exploits confined localized environments and tailored surface configurations to govern electronic pathways and spin states during chemical transformations.

### Why It Matters (Impact)
Drastically accelerates sluggish reaction rates under ambient, energy-efficient conditions, eliminating the need for fossil-fueled heating.

### Mind-Blowing Fact
💡 By trapping reacting molecules in sub-nanometer cages, reactions that normally take days can be forced to occur in a fraction of a second.",https://www.google.com/search?tbm=isch&q=Heterogeneous+Covalent+Organic+Frameworks+%28COFs%29+in+Targeted+C-H+Activation,Low Popularity (Extremely Rare/Niche)
Self-healing Microfluidic Channels for Adaptive Structural Shifting,Mechanical Engineering / Fluid Dynamics,"### Overview
Integrates responsive polymer matrices or flexible smart materials with tailored geometries to achieve autonomous actuation and sensory adaptation without external computing.

### Why It Matters (Impact)
Bypasses traditional mechanical failure and wear modes, offering unprecedented operational lifespans in harsh or inaccessible environments.

### Mind-Blowing Fact
💡 By controlling atomic-level vibrations, these systems can guide thermal currents along specific paths, effectively making heat turn corners.",https://www.google.com/search?tbm=isch&q=Self-healing+Microfluidic+Channels+for+Adaptive+Structural+Shifting,Low Popularity (Extremely Rare/Niche)
Heterogeneous Bimetallic Nanoclusters in Targeted C-H Activation,Chemistry & Chemical Engineering / Surface & Interfacial Chemistry,"### Overview
Utilizes alternative energy inputs like visible light, precise mechanical forces, or localized electric fields to bypass traditional thermodynamic constraints.

### Why It Matters (Impact)
Drastically accelerates sluggish reaction rates under ambient, energy-efficient conditions, eliminating the need for fossil-fueled heating.

### Mind-Blowing Fact
💡 Some of these catalysts can perform millions of complex molecular transformations before showing even a single atom of wear or degradation.",https://www.google.com/search?tbm=isch&q=Heterogeneous+Bimetallic+Nanoclusters+in+Targeted+C-H+Activation,Low Popularity (Extremely Rare/Niche)
Non-linear Metamaterial Lattices for Soft Neuromorphic Robotics,Mechanical Engineering / Micro/Nano Electromechanical Systems (MEMS),"### Overview
Integrates responsive polymer matrices or flexible smart materials with tailored geometries to achieve autonomous actuation and sensory adaptation without external computing.

### Why It Matters (Impact)
Bypasses traditional mechanical failure and wear modes, offering unprecedented operational lifespans in harsh or inaccessible environments.

### Mind-Blowing Fact
💡 These configurations can demonstrate negative Poisson's ratios, meaning they expand sideways when stretched rather than getting thinner.",https://www.google.com/search?tbm=isch&q=Non-linear+Metamaterial+Lattices+for+Soft+Neuromorphic+Robotics,Moderate Popularity
Supracritical Transition Metal Complexes in Chiral Pharmaceutical Separation,Chemistry & Chemical Engineering / Surface & Interfacial Chemistry,"### Overview
Utilizes alternative energy inputs like visible light, precise mechanical forces, or localized electric fields to bypass traditional thermodynamic constraints.

### Why It Matters (Impact)
Unlocks access to previously unstable molecular geometries and material structures, paving the way for next-generation quantum devices.

### Mind-Blowing Fact
💡 Controlling the quantum spin polarization of electrons can increase chemical reaction efficiency by orders of magnitude without changing the temperature.",https://www.google.com/search?tbm=isch&q=Supracritical+Transition+Metal+Complexes+in+Chiral+Pharmaceutical+Separation,Moderate Popularity
Supracritical Spin-polarized Catalysts for Ultra-trace Explosive Detection,Chemistry & Chemical Engineering / Quantum Chemistry,"### Overview
Exploits confined localized environments and tailored surface configurations to govern electronic pathways and spin states during chemical transformations.

### Why It Matters (Impact)
Unlocks access to previously unstable molecular geometries and material structures, paving the way for next-generation quantum devices.

### Mind-Blowing Fact
💡 By trapping reacting molecules in sub-nanometer cages, reactions that normally take days can be forced to occur in a fraction of a second.",https://www.google.com/search?tbm=isch&q=Supracritical+Spin-polarized+Catalysts+for+Ultra-trace+Explosive+Detection,Low Popularity (Extremely Rare/Niche)
Supramolecular Deep Eutectic Solvents for Precision Carbon Capture,Chemistry & Chemical Engineering / Quantum Chemistry,"### Overview
Utilizes alternative energy inputs like visible light, precise mechanical forces, or localized electric fields to bypass traditional thermodynamic constraints.

### Why It Matters (Impact)
Enables highly selective chemical transformations with zero unwanted side-products, transforming industrial green chemistry standards.

### Mind-Blowing Fact
💡 Some of these catalysts can perform millions of complex molecular transformations before showing even a single atom of wear or degradation.",https://www.google.com/search?tbm=isch&q=Supramolecular+Deep+Eutectic+Solvents+for+Precision+Carbon+Capture,Moderate Popularity
Asymmetric Compliant Mechanisms in Multi-Scale Energy Scavenging,Mechanical Engineering / Robotics & Control,"### Overview
Utilizes advanced architectural configuration at micro or nano scales to manipulate structural mechanics and wave propagation properties beyond conventional material limits.

### Why It Matters (Impact)
Drastically reduces weight while boosting mechanical resilience and energy dissipation capabilities for next-generation systems.

### Mind-Blowing Fact
💡 The localized structural response is so immediate that it mimics biological reflex loops, bypassing centralized electronic control delays entirely.",https://www.google.com/search?tbm=isch&q=Asymmetric+Compliant+Mechanisms+in+Multi-Scale+Energy+Scavenging,Low Popularity (Extremely Rare/Niche)
Supracritical Quantum Embedding Interfaces for Ultra-trace Explosive Detection,Chemistry & Chemical Engineering / Electrochemistry,"### Overview
Arranges molecular architectures or quantum states in highly coordinated geometric configurations to dramatically lower activation energy barriers.

### Why It Matters (Impact)
Unlocks access to previously unstable molecular geometries and material structures, paving the way for next-generation quantum devices.

### Mind-Blowing Fact
💡 Some of these catalysts can perform millions of complex molecular transformations before showing even a single atom of wear or degradation.",https://www.google.com/search?tbm=isch&q=Supracritical+Quantum+Embedding+Interfaces+for+Ultra-trace+Explosive+Detection,Moderate Popularity
Enantioselective Bio-mimetic Enzyme Mimics for Ultra-trace Explosive Detection,Chemistry & Chemical Engineering / Quantum Chemistry,"### Overview
Utilizes alternative energy inputs like visible light, precise mechanical forces, or localized electric fields to bypass traditional thermodynamic constraints.

### Why It Matters (Impact)
Enables highly selective chemical transformations with zero unwanted side-products, transforming industrial green chemistry standards.

### Mind-Blowing Fact
💡 Some of these catalysts can perform millions of complex molecular transformations before showing even a single atom of wear or degradation.",https://www.google.com/search?tbm=isch&q=Enantioselective+Bio-mimetic+Enzyme+Mimics+for+Ultra-trace+Explosive+Detection,Moderate Popularity
Bio-inspired Soft Robotic Actuators in Multi-Scale Energy Scavenging,Mechanical Engineering / Solid Mechanics,"### Overview
Integrates responsive polymer matrices or flexible smart materials with tailored geometries to achieve autonomous actuation and sensory adaptation without external computing.

### Why It Matters (Impact)
Provides ultra-precise regulation of fluid or thermal fluxes, enabling breakthrough performance in sub-micron computing and micro-propulsion.

### Mind-Blowing Fact
💡 These configurations can demonstrate negative Poisson's ratios, meaning they expand sideways when stretched rather than getting thinner.",https://www.google.com/search?tbm=isch&q=Bio-inspired+Soft+Robotic+Actuators+in+Multi-Scale+Energy+Scavenging,Moderate Popularity
Enantioselective Deep Eutectic Solvents in Chiral Pharmaceutical Separation,Chemistry & Chemical Engineering / Catalysis & Kinetics,"### Overview
Utilizes alternative energy inputs like visible light, precise mechanical forces, or localized electric fields to bypass traditional thermodynamic constraints.

### Why It Matters (Impact)
Enables highly selective chemical transformations with zero unwanted side-products, transforming industrial green chemistry standards.

### Mind-Blowing Fact
💡 By trapping reacting molecules in sub-nanometer cages, reactions that normally take days can be forced to occur in a fraction of a second.",https://www.google.com/search?tbm=isch&q=Enantioselective+Deep+Eutectic+Solvents+in+Chiral+Pharmaceutical+Separation,Low Popularity (Extremely Rare/Niche)
Topology-optimized Phononic Crystals for Micro-Vibration Isolation,Mechanical Engineering / Fluid Dynamics,"### Overview
Integrates responsive polymer matrices or flexible smart materials with tailored geometries to achieve autonomous actuation and sensory adaptation without external computing.

### Why It Matters (Impact)
Drastically reduces weight while boosting mechanical resilience and energy dissipation capabilities for next-generation systems.

### Mind-Blowing Fact
💡 By controlling atomic-level vibrations, these systems can guide thermal currents along specific paths, effectively making heat turn corners.",https://www.google.com/search?tbm=isch&q=Topology-optimized+Phononic+Crystals+for+Micro-Vibration+Isolation,Moderate Popularity
Electro-hydrodynamic Soft Robotic Actuators for Soft Neuromorphic Robotics,Mechanical Engineering / Solid Mechanics,"### Overview
Integrates responsive polymer matrices or flexible smart materials with tailored geometries to achieve autonomous actuation and sensory adaptation without external computing.

### Why It Matters (Impact)
Drastically reduces weight while boosting mechanical resilience and energy dissipation capabilities for next-generation systems.

### Mind-Blowing Fact
💡 These configurations can demonstrate negative Poisson's ratios, meaning they expand sideways when stretched rather than getting thinner.",https://www.google.com/search?tbm=isch&q=Electro-hydrodynamic+Soft+Robotic+Actuators+for+Soft+Neuromorphic+Robotics,Moderate Popularity
Chiral-induced Micro-flow Reactor Systems in Non-Equilibrium Chemical Systems,Chemistry & Chemical Engineering / Organic Synthesis,"### Overview
Arranges molecular architectures or quantum states in highly coordinated geometric configurations to dramatically lower activation energy barriers.

### Why It Matters (Impact)
Drastically accelerates sluggish reaction rates under ambient, energy-efficient conditions, eliminating the need for fossil-fueled heating.

### Mind-Blowing Fact
💡 By trapping reacting molecules in sub-nanometer cages, reactions that normally take days can be forced to occur in a fraction of a second.",https://www.google.com/search?tbm=isch&q=Chiral-induced+Micro-flow+Reactor+Systems+in+Non-Equilibrium+Chemical+Systems,Moderate Popularity
Electrocatalytic Covalent Organic Frameworks (COFs) for High-Density Green Hydrogen Production,Chemistry & Chemical Engineering / Catalysis & Kinetics,"### Overview
Utilizes alternative energy inputs like visible light, precise mechanical forces, or localized electric fields to bypass traditional thermodynamic constraints.

### Why It Matters (Impact)
Unlocks access to previously unstable molecular geometries and material structures, paving the way for next-generation quantum devices.

### Mind-Blowing Fact
💡 Controlling the quantum spin polarization of electrons can increase chemical reaction efficiency by orders of magnitude without changing the temperature.",https://www.google.com/search?tbm=isch&q=Electrocatalytic+Covalent+Organic+Frameworks+%28COFs%29+for+High-Density+Green+Hydrogen+Production,Low Popularity (Extremely Rare/Niche)
Electro-hydrodynamic Capillary Interfaces for High-Precision Vascular Navigation,Mechanical Engineering / Thermodynamics,"### Overview
Integrates responsive polymer matrices or flexible smart materials with tailored geometries to achieve autonomous actuation and sensory adaptation without external computing.

### Why It Matters (Impact)
Provides ultra-precise regulation of fluid or thermal fluxes, enabling breakthrough performance in sub-micron computing and micro-propulsion.

### Mind-Blowing Fact
💡 By controlling atomic-level vibrations, these systems can guide thermal currents along specific paths, effectively making heat turn corners.",https://www.google.com/search?tbm=isch&q=Electro-hydrodynamic+Capillary+Interfaces+for+High-Precision+Vascular+Navigation,Moderate Popularity
Enantioselective Bio-mimetic Enzyme Mimics in Renewable Biomass Upcycling,Chemistry & Chemical Engineering / Electrochemistry,"### Overview
Arranges molecular architectures or quantum states in highly coordinated geometric configurations to dramatically lower activation energy barriers.

### Why It Matters (Impact)
Enables highly selective chemical transformations with zero unwanted side-products, transforming industrial green chemistry standards.

### Mind-Blowing Fact
💡 Controlling the quantum spin polarization of electrons can increase chemical reaction efficiency by orders of magnitude without changing the temperature.",https://www.google.com/search?tbm=isch&q=Enantioselective+Bio-mimetic+Enzyme+Mimics+in+Renewable+Biomass+Upcycling,Moderate Popularity
Solvent-free Quantum Embedding Interfaces for Ultra-trace Explosive Detection,Chemistry & Chemical Engineering / Quantum Chemistry,"### Overview
Utilizes alternative energy inputs like visible light, precise mechanical forces, or localized electric fields to bypass traditional thermodynamic constraints.

### Why It Matters (Impact)
Unlocks access to previously unstable molecular geometries and material structures, paving the way for next-generation quantum devices.

### Mind-Blowing Fact
💡 By trapping reacting molecules in sub-nanometer cages, reactions that normally take days can be forced to occur in a fraction of a second.",https://www.google.com/search?tbm=isch&q=Solvent-free+Quantum+Embedding+Interfaces+for+Ultra-trace+Explosive+Detection,Low Popularity (Extremely Rare/Niche)
Topology-optimized Viscoelastic Dampers for Micro-Vibration Isolation,Mechanical Engineering / Thermodynamics,"### Overview
Implements dynamic fluid-structure interactions or localized fields to control interfacial physics, thermal transport, or directional flow dynamics.

### Why It Matters (Impact)
Provides ultra-precise regulation of fluid or thermal fluxes, enabling breakthrough performance in sub-micron computing and micro-propulsion.

### Mind-Blowing Fact
💡 These configurations can demonstrate negative Poisson's ratios, meaning they expand sideways when stretched rather than getting thinner.",https://www.google.com/search?tbm=isch&q=Topology-optimized+Viscoelastic+Dampers+for+Micro-Vibration+Isolation,Moderate Popularity
Anisotropic Capillary Interfaces for Soft Neuromorphic Robotics,Mechanical Engineering / Fluid Dynamics,"### Overview
Implements dynamic fluid-structure interactions or localized fields to control interfacial physics, thermal transport, or directional flow dynamics.

### Why It Matters (Impact)
Drastically reduces weight while boosting mechanical resilience and energy dissipation capabilities for next-generation systems.

### Mind-Blowing Fact
💡 By controlling atomic-level vibrations, these systems can guide thermal currents along specific paths, effectively making heat turn corners.",https://www.google.com/search?tbm=isch&q=Anisotropic+Capillary+Interfaces+for+Soft+Neuromorphic+Robotics,Low Popularity (Extremely Rare/Niche)
Topology-optimized Thermoelectric Harvesters for Soft Neuromorphic Robotics,Mechanical Engineering / Micro/Nano Electromechanical Systems (MEMS),"### Overview
Integrates responsive polymer matrices or flexible smart materials with tailored geometries to achieve autonomous actuation and sensory adaptation without external computing.

### Why It Matters (Impact)
Provides ultra-precise regulation of fluid or thermal fluxes, enabling breakthrough performance in sub-micron computing and micro-propulsion.

### Mind-Blowing Fact
💡 By controlling atomic-level vibrations, these systems can guide thermal currents along specific paths, effectively making heat turn corners.",https://www.google.com/search?tbm=isch&q=Topology-optimized+Thermoelectric+Harvesters+for+Soft+Neuromorphic+Robotics,Low Popularity (Extremely Rare/Niche)
Mechanochemical Deep Eutectic Solvents for Solid-State Battery Stabilization,Chemistry & Chemical Engineering / Surface & Interfacial Chemistry,"### Overview
Exploits confined localized environments and tailored surface configurations to govern electronic pathways and spin states during chemical transformations.

### Why It Matters (Impact)
Unlocks access to previously unstable molecular geometries and material structures, paving the way for next-generation quantum devices.

### Mind-Blowing Fact
💡 Controlling the quantum spin polarization of electrons can increase chemical reaction efficiency by orders of magnitude without changing the temperature.",https://www.google.com/search?tbm=isch&q=Mechanochemical+Deep+Eutectic+Solvents+for+Solid-State+Battery+Stabilization,Low Popularity (Extremely Rare/Niche)
Magneto-rheological Boundary Layer Actuators for High-Precision Vascular Navigation,Mechanical Engineering / Robotics & Control,"### Overview
Implements dynamic fluid-structure interactions or localized fields to control interfacial physics, thermal transport, or directional flow dynamics.

### Why It Matters (Impact)
Provides ultra-precise regulation of fluid or thermal fluxes, enabling breakthrough performance in sub-micron computing and micro-propulsion.

### Mind-Blowing Fact
💡 These configurations can demonstrate negative Poisson's ratios, meaning they expand sideways when stretched rather than getting thinner.",https://www.google.com/search?tbm=isch&q=Magneto-rheological+Boundary+Layer+Actuators+for+High-Precision+Vascular+Navigation,Moderate Popularity
Bio-inspired Capillary Interfaces in Multi-Scale Energy Scavenging,Mechanical Engineering / Solid Mechanics,"### Overview
Implements dynamic fluid-structure interactions or localized fields to control interfacial physics, thermal transport, or directional flow dynamics.

### Why It Matters (Impact)
Drastically reduces weight while boosting mechanical resilience and energy dissipation capabilities for next-generation systems.

### Mind-Blowing Fact
💡 These configurations can demonstrate negative Poisson's ratios, meaning they expand sideways when stretched rather than getting thinner.",https://www.google.com/search?tbm=isch&q=Bio-inspired+Capillary+Interfaces+in+Multi-Scale+Energy+Scavenging,Low Popularity (Extremely Rare/Niche)
Anisotropic Boundary Layer Actuators for Adaptive Structural Shifting,Mechanical Engineering / Robotics & Control,"### Overview
Integrates responsive polymer matrices or flexible smart materials with tailored geometries to achieve autonomous actuation and sensory adaptation without external computing.

### Why It Matters (Impact)
Bypasses traditional mechanical failure and wear modes, offering unprecedented operational lifespans in harsh or inaccessible environments.

### Mind-Blowing Fact
💡 The localized structural response is so immediate that it mimics biological reflex loops, bypassing centralized electronic control delays entirely.",https://www.google.com/search?tbm=isch&q=Anisotropic+Boundary+Layer+Actuators+for+Adaptive+Structural+Shifting,Low Popularity (Extremely Rare/Niche)
Supracritical Plasmonic Nanostructures for High-Density Green Hydrogen Production,Chemistry & Chemical Engineering / Electrochemistry,"### Overview
Utilizes alternative energy inputs like visible light, precise mechanical forces, or localized electric fields to bypass traditional thermodynamic constraints.

### Why It Matters (Impact)
Drastically accelerates sluggish reaction rates under ambient, energy-efficient conditions, eliminating the need for fossil-fueled heating.

### Mind-Blowing Fact
💡 By trapping reacting molecules in sub-nanometer cages, reactions that normally take days can be forced to occur in a fraction of a second.",https://www.google.com/search?tbm=isch&q=Supracritical+Plasmonic+Nanostructures+for+High-Density+Green+Hydrogen+Production,Moderate Popularity
Solvent-free Covalent Organic Frameworks (COFs) for Precision Carbon Capture,Chemistry & Chemical Engineering / Organic Synthesis,"### Overview
Arranges molecular architectures or quantum states in highly coordinated geometric configurations to dramatically lower activation energy barriers.

### Why It Matters (Impact)
Unlocks access to previously unstable molecular geometries and material structures, paving the way for next-generation quantum devices.

### Mind-Blowing Fact
💡 By trapping reacting molecules in sub-nanometer cages, reactions that normally take days can be forced to occur in a fraction of a second.",https://www.google.com/search?tbm=isch&q=Solvent-free+Covalent+Organic+Frameworks+%28COFs%29+for+Precision+Carbon+Capture,Moderate Popularity
Heterogeneous Transition Metal Complexes for High-Density Green Hydrogen Production,Chemistry & Chemical Engineering / Organic Synthesis,"### Overview
Arranges molecular architectures or quantum states in highly coordinated geometric configurations to dramatically lower activation energy barriers.

### Why It Matters (Impact)
Enables highly selective chemical transformations with zero unwanted side-products, transforming industrial green chemistry standards.

### Mind-Blowing Fact
💡 Some of these catalysts can perform millions of complex molecular transformations before showing even a single atom of wear or degradation.",https://www.google.com/search?tbm=isch&q=Heterogeneous+Transition+Metal+Complexes+for+High-Density+Green+Hydrogen+Production,Low Popularity (Extremely Rare/Niche)
Chiral-induced Solid-State Electrolyte Interphases in Renewable Biomass Upcycling,Chemistry & Chemical Engineering / Quantum Chemistry,"### Overview
Utilizes alternative energy inputs like visible light, precise mechanical forces, or localized electric fields to bypass traditional thermodynamic constraints.

### Why It Matters (Impact)
Drastically accelerates sluggish reaction rates under ambient, energy-efficient conditions, eliminating the need for fossil-fueled heating.

### Mind-Blowing Fact
💡 By trapping reacting molecules in sub-nanometer cages, reactions that normally take days can be forced to occur in a fraction of a second.",https://www.google.com/search?tbm=isch&q=Chiral-induced+Solid-State+Electrolyte+Interphases+in+Renewable+Biomass+Upcycling,Moderate Popularity
Single-atom Bio-mimetic Enzyme Mimics for Solid-State Battery Stabilization,Chemistry & Chemical Engineering / Quantum Chemistry,"### Overview
Utilizes alternative energy inputs like visible light, precise mechanical forces, or localized electric fields to bypass traditional thermodynamic constraints.

### Why It Matters (Impact)
Drastically accelerates sluggish reaction rates under ambient, energy-efficient conditions, eliminating the need for fossil-fueled heating.

### Mind-Blowing Fact
💡 By trapping reacting molecules in sub-nanometer cages, reactions that normally take days can be forced to occur in a fraction of a second.",https://www.google.com/search?tbm=isch&q=Single-atom+Bio-mimetic+Enzyme+Mimics+for+Solid-State+Battery+Stabilization,Low Popularity (Extremely Rare/Niche)
Non-linear Capillary Interfaces in High-Flux Electronic Cooling,Mechanical Engineering / Solid Mechanics,"### Overview
Utilizes advanced architectural configuration at micro or nano scales to manipulate structural mechanics and wave propagation properties beyond conventional material limits.

### Why It Matters (Impact)
Drastically reduces weight while boosting mechanical resilience and energy dissipation capabilities for next-generation systems.

### Mind-Blowing Fact
💡 The localized structural response is so immediate that it mimics biological reflex loops, bypassing centralized electronic control delays entirely.",https://www.google.com/search?tbm=isch&q=Non-linear+Capillary+Interfaces+in+High-Flux+Electronic+Cooling,Low Popularity (Extremely Rare/Niche)
Supramolecular Transition Metal Complexes in Non-Equilibrium Chemical Systems,Chemistry & Chemical Engineering / Catalysis & Kinetics,"### Overview
Exploits confined localized environments and tailored surface configurations to govern electronic pathways and spin states during chemical transformations.

### Why It Matters (Impact)
Drastically accelerates sluggish reaction rates under ambient, energy-efficient conditions, eliminating the need for fossil-fueled heating.

### Mind-Blowing Fact
💡 Some of these catalysts can perform millions of complex molecular transformations before showing even a single atom of wear or degradation.",https://www.google.com/search?tbm=isch&q=Supramolecular+Transition+Metal+Complexes+in+Non-Equilibrium+Chemical+Systems,Moderate Popularity
Non-linear Metamaterial Lattices for Micro-Vibration Isolation,Mechanical Engineering / Thermodynamics,"### Overview
Implements dynamic fluid-structure interactions or localized fields to control interfacial physics, thermal transport, or directional flow dynamics.

### Why It Matters (Impact)
Provides ultra-precise regulation of fluid or thermal fluxes, enabling breakthrough performance in sub-micron computing and micro-propulsion.

### Mind-Blowing Fact
💡 By controlling atomic-level vibrations, these systems can guide thermal currents along specific paths, effectively making heat turn corners.",https://www.google.com/search?tbm=isch&q=Non-linear+Metamaterial+Lattices+for+Micro-Vibration+Isolation,Low Popularity (Extremely Rare/Niche)
Micro-architected Phononic Crystals for Adaptive Structural Shifting,Mechanical Engineering / Solid Mechanics,"### Overview
Implements dynamic fluid-structure interactions or localized fields to control interfacial physics, thermal transport, or directional flow dynamics.

### Why It Matters (Impact)
Bypasses traditional mechanical failure and wear modes, offering unprecedented operational lifespans in harsh or inaccessible environments.

### Mind-Blowing Fact
💡 By controlling atomic-level vibrations, these systems can guide thermal currents along specific paths, effectively making heat turn corners.",https://www.google.com/search?tbm=isch&q=Micro-architected+Phononic+Crystals+for+Adaptive+Structural+Shifting,Moderate Popularity
Topology-optimized Triboelectric Nanogenerators for Adaptive Structural Shifting,Mechanical Engineering / Fluid Dynamics,"### Overview
Implements dynamic fluid-structure interactions or localized fields to control interfacial physics, thermal transport, or directional flow dynamics.

### Why It Matters (Impact)
Drastically reduces weight while boosting mechanical resilience and energy dissipation capabilities for next-generation systems.

### Mind-Blowing Fact
💡 These configurations can demonstrate negative Poisson's ratios, meaning they expand sideways when stretched rather than getting thinner.",https://www.google.com/search?tbm=isch&q=Topology-optimized+Triboelectric+Nanogenerators+for+Adaptive+Structural+Shifting,Low Popularity (Extremely Rare/Niche)
Magneto-rheological Metamaterial Lattices for Soft Neuromorphic Robotics,Mechanical Engineering / Fluid Dynamics,"### Overview
Integrates responsive polymer matrices or flexible smart materials with tailored geometries to achieve autonomous actuation and sensory adaptation without external computing.

### Why It Matters (Impact)
Drastically reduces weight while boosting mechanical resilience and energy dissipation capabilities for next-generation systems.

### Mind-Blowing Fact
💡 The localized structural response is so immediate that it mimics biological reflex loops, bypassing centralized electronic control delays entirely.",https://www.google.com/search?tbm=isch&q=Magneto-rheological+Metamaterial+Lattices+for+Soft+Neuromorphic+Robotics,Low Popularity (Extremely Rare/Niche)
Micro-architected Triboelectric Nanogenerators for Soft Neuromorphic Robotics,Mechanical Engineering / Thermodynamics,"### Overview
Integrates responsive polymer matrices or flexible smart materials with tailored geometries to achieve autonomous actuation and sensory adaptation without external computing.

### Why It Matters (Impact)
Provides ultra-precise regulation of fluid or thermal fluxes, enabling breakthrough performance in sub-micron computing and micro-propulsion.

### Mind-Blowing Fact
💡 The localized structural response is so immediate that it mimics biological reflex loops, bypassing centralized electronic control delays entirely.",https://www.google.com/search?tbm=isch&q=Micro-architected+Triboelectric+Nanogenerators+for+Soft+Neuromorphic+Robotics,Low Popularity (Extremely Rare/Niche)
Photoredox-driven Bio-mimetic Enzyme Mimics in Non-Equilibrium Chemical Systems,Chemistry & Chemical Engineering / Organic Synthesis,"### Overview
Arranges molecular architectures or quantum states in highly coordinated geometric configurations to dramatically lower activation energy barriers.

### Why It Matters (Impact)
Enables highly selective chemical transformations with zero unwanted side-products, transforming industrial green chemistry standards.

### Mind-Blowing Fact
💡 Controlling the quantum spin polarization of electrons can increase chemical reaction efficiency by orders of magnitude without changing the temperature.",https://www.google.com/search?tbm=isch&q=Photoredox-driven+Bio-mimetic+Enzyme+Mimics+in+Non-Equilibrium+Chemical+Systems,Moderate Popularity
Anisotropic Triboelectric Nanogenerators in Multi-Scale Energy Scavenging,Mechanical Engineering / Thermodynamics,"### Overview
Implements dynamic fluid-structure interactions or localized fields to control interfacial physics, thermal transport, or directional flow dynamics.

### Why It Matters (Impact)
Drastically reduces weight while boosting mechanical resilience and energy dissipation capabilities for next-generation systems.

### Mind-Blowing Fact
💡 The localized structural response is so immediate that it mimics biological reflex loops, bypassing centralized electronic control delays entirely.",https://www.google.com/search?tbm=isch&q=Anisotropic+Triboelectric+Nanogenerators+in+Multi-Scale+Energy+Scavenging,Low Popularity (Extremely Rare/Niche)
Heterogeneous Micro-flow Reactor Systems for Ultra-trace Explosive Detection,Chemistry & Chemical Engineering / Electrochemistry,"### Overview
Exploits confined localized environments and tailored surface configurations to govern electronic pathways and spin states during chemical transformations.

### Why It Matters (Impact)
Enables highly selective chemical transformations with zero unwanted side-products, transforming industrial green chemistry standards.

### Mind-Blowing Fact
💡 Some of these catalysts can perform millions of complex molecular transformations before showing even a single atom of wear or degradation.",https://www.google.com/search?tbm=isch&q=Heterogeneous+Micro-flow+Reactor+Systems+for+Ultra-trace+Explosive+Detection,Low Popularity (Extremely Rare/Niche)
Micro-architected Thermoelectric Harvesters in High-Flux Electronic Cooling,Mechanical Engineering / Thermodynamics,"### Overview
Integrates responsive polymer matrices or flexible smart materials with tailored geometries to achieve autonomous actuation and sensory adaptation without external computing.

### Why It Matters (Impact)
Provides ultra-precise regulation of fluid or thermal fluxes, enabling breakthrough performance in sub-micron computing and micro-propulsion.

### Mind-Blowing Fact
💡 By controlling atomic-level vibrations, these systems can guide thermal currents along specific paths, effectively making heat turn corners.",https://www.google.com/search?tbm=isch&q=Micro-architected+Thermoelectric+Harvesters+in+High-Flux+Electronic+Cooling,Low Popularity (Extremely Rare/Niche)
Self-healing Capillary Interfaces in Multi-Scale Energy Scavenging,Mechanical Engineering / Robotics & Control,"### Overview
Utilizes advanced architectural configuration at micro or nano scales to manipulate structural mechanics and wave propagation properties beyond conventional material limits.

### Why It Matters (Impact)
Drastically reduces weight while boosting mechanical resilience and energy dissipation capabilities for next-generation systems.

### Mind-Blowing Fact
💡 These configurations can demonstrate negative Poisson's ratios, meaning they expand sideways when stretched rather than getting thinner.",https://www.google.com/search?tbm=isch&q=Self-healing+Capillary+Interfaces+in+Multi-Scale+Energy+Scavenging,Low Popularity (Extremely Rare/Niche)
Anisotropic Viscoelastic Dampers in Multi-Scale Energy Scavenging,Mechanical Engineering / Micro/Nano Electromechanical Systems (MEMS),"### Overview
Utilizes advanced architectural configuration at micro or nano scales to manipulate structural mechanics and wave propagation properties beyond conventional material limits.

### Why It Matters (Impact)
Provides ultra-precise regulation of fluid or thermal fluxes, enabling breakthrough performance in sub-micron computing and micro-propulsion.

### Mind-Blowing Fact
💡 By controlling atomic-level vibrations, these systems can guide thermal currents along specific paths, effectively making heat turn corners.",https://www.google.com/search?tbm=isch&q=Anisotropic+Viscoelastic+Dampers+in+Multi-Scale+Energy+Scavenging,Low Popularity (Extremely Rare/Niche)
Topology-optimized Triboelectric Nanogenerators in High-Flux Electronic Cooling,Mechanical Engineering / Micro/Nano Electromechanical Systems (MEMS),"### Overview
Integrates responsive polymer matrices or flexible smart materials with tailored geometries to achieve autonomous actuation and sensory adaptation without external computing.

### Why It Matters (Impact)
Provides ultra-precise regulation of fluid or thermal fluxes, enabling breakthrough performance in sub-micron computing and micro-propulsion.

### Mind-Blowing Fact
💡 These configurations can demonstrate negative Poisson's ratios, meaning they expand sideways when stretched rather than getting thinner.",https://www.google.com/search?tbm=isch&q=Topology-optimized+Triboelectric+Nanogenerators+in+High-Flux+Electronic+Cooling,Moderate Popularity
Electrocatalytic Plasmonic Nanostructures for High-Density Green Hydrogen Production,Chemistry & Chemical Engineering / Catalysis & Kinetics,"### Overview
Arranges molecular architectures or quantum states in highly coordinated geometric configurations to dramatically lower activation energy barriers.

### Why It Matters (Impact)
Enables highly selective chemical transformations with zero unwanted side-products, transforming industrial green chemistry standards.

### Mind-Blowing Fact
💡 Controlling the quantum spin polarization of electrons can increase chemical reaction efficiency by orders of magnitude without changing the temperature.",https://www.google.com/search?tbm=isch&q=Electrocatalytic+Plasmonic+Nanostructures+for+High-Density+Green+Hydrogen+Production,Low Popularity (Extremely Rare/Niche)
Supracritical Solid-State Electrolyte Interphases in Chiral Pharmaceutical Separation,Chemistry & Chemical Engineering / Organic Synthesis,"### Overview
Exploits confined localized environments and tailored surface configurations to govern electronic pathways and spin states during chemical transformations.

### Why It Matters (Impact)
Enables highly selective chemical transformations with zero unwanted side-products, transforming industrial green chemistry standards.

### Mind-Blowing Fact
💡 By trapping reacting molecules in sub-nanometer cages, reactions that normally take days can be forced to occur in a fraction of a second.",https://www.google.com/search?tbm=isch&q=Supracritical+Solid-State+Electrolyte+Interphases+in+Chiral+Pharmaceutical+Separation,Low Popularity (Extremely Rare/Niche)
Magneto-rheological Triboelectric Nanogenerators in Multi-Scale Energy Scavenging,Mechanical Engineering / Robotics & Control,"### Overview
Implements dynamic fluid-structure interactions or localized fields to control interfacial physics, thermal transport, or directional flow dynamics.

### Why It Matters (Impact)
Provides ultra-precise regulation of fluid or thermal fluxes, enabling breakthrough performance in sub-micron computing and micro-propulsion.

### Mind-Blowing Fact
💡 By controlling atomic-level vibrations, these systems can guide thermal currents along specific paths, effectively making heat turn corners.",https://www.google.com/search?tbm=isch&q=Magneto-rheological+Triboelectric+Nanogenerators+in+Multi-Scale+Energy+Scavenging,Low Popularity (Extremely Rare/Niche)
Magneto-rheological Triboelectric Nanogenerators for Soft Neuromorphic Robotics,Mechanical Engineering / Thermodynamics,"### Overview
Implements dynamic fluid-structure interactions or localized fields to control interfacial physics, thermal transport, or directional flow dynamics.

### Why It Matters (Impact)
Provides ultra-precise regulation of fluid or thermal fluxes, enabling breakthrough performance in sub-micron computing and micro-propulsion.

### Mind-Blowing Fact
💡 These configurations can demonstrate negative Poisson's ratios, meaning they expand sideways when stretched rather than getting thinner.",https://www.google.com/search?tbm=isch&q=Magneto-rheological+Triboelectric+Nanogenerators+for+Soft+Neuromorphic+Robotics,Low Popularity (Extremely Rare/Niche)
Electrocatalytic Quantum Embedding Interfaces in Non-Equilibrium Chemical Systems,Chemistry & Chemical Engineering / Electrochemistry,"### Overview
Arranges molecular architectures or quantum states in highly coordinated geometric configurations to dramatically lower activation energy barriers.

### Why It Matters (Impact)
Unlocks access to previously unstable molecular geometries and material structures, paving the way for next-generation quantum devices.

### Mind-Blowing Fact
💡 By trapping reacting molecules in sub-nanometer cages, reactions that normally take days can be forced to occur in a fraction of a second.",https://www.google.com/search?tbm=isch&q=Electrocatalytic+Quantum+Embedding+Interfaces+in+Non-Equilibrium+Chemical+Systems,Moderate Popularity
Topology-optimized Soft Robotic Actuators in Sub-Autonomous Deep-Sea Vehicles,Mechanical Engineering / Robotics & Control,"### Overview
Integrates responsive polymer matrices or flexible smart materials with tailored geometries to achieve autonomous actuation and sensory adaptation without external computing.

### Why It Matters (Impact)
Drastically reduces weight while boosting mechanical resilience and energy dissipation capabilities for next-generation systems.

### Mind-Blowing Fact
💡 By controlling atomic-level vibrations, these systems can guide thermal currents along specific paths, effectively making heat turn corners.",https://www.google.com/search?tbm=isch&q=Topology-optimized+Soft+Robotic+Actuators+in+Sub-Autonomous+Deep-Sea+Vehicles,Low Popularity (Extremely Rare/Niche)
Topology-optimized Compliant Mechanisms in High-Flux Electronic Cooling,Mechanical Engineering / Thermodynamics,"### Overview
Integrates responsive polymer matrices or flexible smart materials with tailored geometries to achieve autonomous actuation and sensory adaptation without external computing.

### Why It Matters (Impact)
Provides ultra-precise regulation of fluid or thermal fluxes, enabling breakthrough performance in sub-micron computing and micro-propulsion.

### Mind-Blowing Fact
💡 By controlling atomic-level vibrations, these systems can guide thermal currents along specific paths, effectively making heat turn corners.",https://www.google.com/search?tbm=isch&q=Topology-optimized+Compliant+Mechanisms+in+High-Flux+Electronic+Cooling,Moderate Popularity
Supramolecular Transition Metal Complexes for Precision Carbon Capture,Chemistry & Chemical Engineering / Catalysis & Kinetics,"### Overview
Arranges molecular architectures or quantum states in highly coordinated geometric configurations to dramatically lower activation energy barriers.

### Why It Matters (Impact)
Drastically accelerates sluggish reaction rates under ambient, energy-efficient conditions, eliminating the need for fossil-fueled heating.

### Mind-Blowing Fact
💡 By trapping reacting molecules in sub-nanometer cages, reactions that normally take days can be forced to occur in a fraction of a second.",https://www.google.com/search?tbm=isch&q=Supramolecular+Transition+Metal+Complexes+for+Precision+Carbon+Capture,Moderate Popularity
Supramolecular Plasmonic Nanostructures for High-Density Green Hydrogen Production,Chemistry & Chemical Engineering / Catalysis & Kinetics,"### Overview
Exploits confined localized environments and tailored surface configurations to govern electronic pathways and spin states during chemical transformations.

### Why It Matters (Impact)
Enables highly selective chemical transformations with zero unwanted side-products, transforming industrial green chemistry standards.

### Mind-Blowing Fact
💡 Controlling the quantum spin polarization of electrons can increase chemical reaction efficiency by orders of magnitude without changing the temperature.",https://www.google.com/search?tbm=isch&q=Supramolecular+Plasmonic+Nanostructures+for+High-Density+Green+Hydrogen+Production,Moderate Popularity
Photoredox-driven Transition Metal Complexes for High-Density Green Hydrogen Production,Chemistry & Chemical Engineering / Electrochemistry,"### Overview
Exploits confined localized environments and tailored surface configurations to govern electronic pathways and spin states during chemical transformations.

### Why It Matters (Impact)
Drastically accelerates sluggish reaction rates under ambient, energy-efficient conditions, eliminating the need for fossil-fueled heating.

### Mind-Blowing Fact
💡 Controlling the quantum spin polarization of electrons can increase chemical reaction efficiency by orders of magnitude without changing the temperature.",https://www.google.com/search?tbm=isch&q=Photoredox-driven+Transition+Metal+Complexes+for+High-Density+Green+Hydrogen+Production,Low Popularity (Extremely Rare/Niche)
Self-healing Viscoelastic Dampers for Adaptive Structural Shifting,Mechanical Engineering / Micro/Nano Electromechanical Systems (MEMS),"### Overview
Utilizes advanced architectural configuration at micro or nano scales to manipulate structural mechanics and wave propagation properties beyond conventional material limits.

### Why It Matters (Impact)
Provides ultra-precise regulation of fluid or thermal fluxes, enabling breakthrough performance in sub-micron computing and micro-propulsion.

### Mind-Blowing Fact
💡 The localized structural response is so immediate that it mimics biological reflex loops, bypassing centralized electronic control delays entirely.",https://www.google.com/search?tbm=isch&q=Self-healing+Viscoelastic+Dampers+for+Adaptive+Structural+Shifting,Low Popularity (Extremely Rare/Niche)
Electrocatalytic Covalent Organic Frameworks (COFs) in Targeted C-H Activation,Chemistry & Chemical Engineering / Quantum Chemistry,"### Overview
Arranges molecular architectures or quantum states in highly coordinated geometric configurations to dramatically lower activation energy barriers.

### Why It Matters (Impact)
Drastically accelerates sluggish reaction rates under ambient, energy-efficient conditions, eliminating the need for fossil-fueled heating.

### Mind-Blowing Fact
💡 Some of these catalysts can perform millions of complex molecular transformations before showing even a single atom of wear or degradation.",https://www.google.com/search?tbm=isch&q=Electrocatalytic+Covalent+Organic+Frameworks+%28COFs%29+in+Targeted+C-H+Activation,Moderate Popularity
Cryogenic Microfluidic Channels in High-Flux Electronic Cooling,Mechanical Engineering / Fluid Dynamics,"### Overview
Implements dynamic fluid-structure interactions or localized fields to control interfacial physics, thermal transport, or directional flow dynamics.

### Why It Matters (Impact)
Bypasses traditional mechanical failure and wear modes, offering unprecedented operational lifespans in harsh or inaccessible environments.

### Mind-Blowing Fact
💡 By controlling atomic-level vibrations, these systems can guide thermal currents along specific paths, effectively making heat turn corners.",https://www.google.com/search?tbm=isch&q=Cryogenic+Microfluidic+Channels+in+High-Flux+Electronic+Cooling,Low Popularity (Extremely Rare/Niche)
Micro-architected Microfluidic Channels in Multi-Scale Energy Scavenging,Mechanical Engineering / Robotics & Control,"### Overview
Implements dynamic fluid-structure interactions or localized fields to control interfacial physics, thermal transport, or directional flow dynamics.

### Why It Matters (Impact)
Drastically reduces weight while boosting mechanical resilience and energy dissipation capabilities for next-generation systems.

### Mind-Blowing Fact
💡 The localized structural response is so immediate that it mimics biological reflex loops, bypassing centralized electronic control delays entirely.",https://www.google.com/search?tbm=isch&q=Micro-architected+Microfluidic+Channels+in+Multi-Scale+Energy+Scavenging,Moderate Popularity
Supramolecular Quantum Embedding Interfaces for Precision Carbon Capture,Chemistry & Chemical Engineering / Surface & Interfacial Chemistry,"### Overview
Utilizes alternative energy inputs like visible light, precise mechanical forces, or localized electric fields to bypass traditional thermodynamic constraints.

### Why It Matters (Impact)
Enables highly selective chemical transformations with zero unwanted side-products, transforming industrial green chemistry standards.

### Mind-Blowing Fact
💡 By trapping reacting molecules in sub-nanometer cages, reactions that normally take days can be forced to occur in a fraction of a second.",https://www.google.com/search?tbm=isch&q=Supramolecular+Quantum+Embedding+Interfaces+for+Precision+Carbon+Capture,Low Popularity (Extremely Rare/Niche)
Heterogeneous Plasmonic Nanostructures in Targeted C-H Activation,Chemistry & Chemical Engineering / Catalysis & Kinetics,"### Overview
Exploits confined localized environments and tailored surface configurations to govern electronic pathways and spin states during chemical transformations.

### Why It Matters (Impact)
Unlocks access to previously unstable molecular geometries and material structures, paving the way for next-generation quantum devices.

### Mind-Blowing Fact
💡 Controlling the quantum spin polarization of electrons can increase chemical reaction efficiency by orders of magnitude without changing the temperature.",https://www.google.com/search?tbm=isch&q=Heterogeneous+Plasmonic+Nanostructures+in+Targeted+C-H+Activation,Low Popularity (Extremely Rare/Niche)
Supracritical Solid-State Electrolyte Interphases for High-Density Green Hydrogen Production,Chemistry & Chemical Engineering / Catalysis & Kinetics,"### Overview
Utilizes alternative energy inputs like visible light, precise mechanical forces, or localized electric fields to bypass traditional thermodynamic constraints.

### Why It Matters (Impact)
Unlocks access to previously unstable molecular geometries and material structures, paving the way for next-generation quantum devices.

### Mind-Blowing Fact
💡 Controlling the quantum spin polarization of electrons can increase chemical reaction efficiency by orders of magnitude without changing the temperature.",https://www.google.com/search?tbm=isch&q=Supracritical+Solid-State+Electrolyte+Interphases+for+High-Density+Green+Hydrogen+Production,Moderate Popularity
Non-linear Boundary Layer Actuators in Sub-Autonomous Deep-Sea Vehicles,Mechanical Engineering / Thermodynamics,"### Overview
Utilizes advanced architectural configuration at micro or nano scales to manipulate structural mechanics and wave propagation properties beyond conventional material limits.

### Why It Matters (Impact)
Drastically reduces weight while boosting mechanical resilience and energy dissipation capabilities for next-generation systems.

### Mind-Blowing Fact
💡 By controlling atomic-level vibrations, these systems can guide thermal currents along specific paths, effectively making heat turn corners.",https://www.google.com/search?tbm=isch&q=Non-linear+Boundary+Layer+Actuators+in+Sub-Autonomous+Deep-Sea+Vehicles,Moderate Popularity
Chiral-induced Spin-polarized Catalysts for Ultra-trace Explosive Detection,Chemistry & Chemical Engineering / Electrochemistry,"### Overview
Exploits confined localized environments and tailored surface configurations to govern electronic pathways and spin states during chemical transformations.

### Why It Matters (Impact)
Enables highly selective chemical transformations with zero unwanted side-products, transforming industrial green chemistry standards.

### Mind-Blowing Fact
💡 Controlling the quantum spin polarization of electrons can increase chemical reaction efficiency by orders of magnitude without changing the temperature.",https://www.google.com/search?tbm=isch&q=Chiral-induced+Spin-polarized+Catalysts+for+Ultra-trace+Explosive+Detection,Moderate Popularity
Bio-inspired Microfluidic Channels in High-Flux Electronic Cooling,Mechanical Engineering / Robotics & Control,"### Overview
Implements dynamic fluid-structure interactions or localized fields to control interfacial physics, thermal transport, or directional flow dynamics.

### Why It Matters (Impact)
Provides ultra-precise regulation of fluid or thermal fluxes, enabling breakthrough performance in sub-micron computing and micro-propulsion.

### Mind-Blowing Fact
💡 The localized structural response is so immediate that it mimics biological reflex loops, bypassing centralized electronic control delays entirely.",https://www.google.com/search?tbm=isch&q=Bio-inspired+Microfluidic+Channels+in+High-Flux+Electronic+Cooling,Moderate Popularity
Supracritical Spin-polarized Catalysts in Chiral Pharmaceutical Separation,Chemistry & Chemical Engineering / Quantum Chemistry,"### Overview
Exploits confined localized environments and tailored surface configurations to govern electronic pathways and spin states during chemical transformations.

### Why It Matters (Impact)
Unlocks access to previously unstable molecular geometries and material structures, paving the way for next-generation quantum devices.

### Mind-Blowing Fact
💡 Some of these catalysts can perform millions of complex molecular transformations before showing even a single atom of wear or degradation.",https://www.google.com/search?tbm=isch&q=Supracritical+Spin-polarized+Catalysts+in+Chiral+Pharmaceutical+Separation,Low Popularity (Extremely Rare/Niche)
Supramolecular Plasmonic Nanostructures in Renewable Biomass Upcycling,Chemistry & Chemical Engineering / Electrochemistry,"### Overview
Arranges molecular architectures or quantum states in highly coordinated geometric configurations to dramatically lower activation energy barriers.

### Why It Matters (Impact)
Enables highly selective chemical transformations with zero unwanted side-products, transforming industrial green chemistry standards.

### Mind-Blowing Fact
💡 Some of these catalysts can perform millions of complex molecular transformations before showing even a single atom of wear or degradation.",https://www.google.com/search?tbm=isch&q=Supramolecular+Plasmonic+Nanostructures+in+Renewable+Biomass+Upcycling,Moderate Popularity
Asymmetric Compliant Mechanisms for Soft Neuromorphic Robotics,Mechanical Engineering / Thermodynamics,"### Overview
Integrates responsive polymer matrices or flexible smart materials with tailored geometries to achieve autonomous actuation and sensory adaptation without external computing.

### Why It Matters (Impact)
Provides ultra-precise regulation of fluid or thermal fluxes, enabling breakthrough performance in sub-micron computing and micro-propulsion.

### Mind-Blowing Fact
💡 These configurations can demonstrate negative Poisson's ratios, meaning they expand sideways when stretched rather than getting thinner.",https://www.google.com/search?tbm=isch&q=Asymmetric+Compliant+Mechanisms+for+Soft+Neuromorphic+Robotics,Low Popularity (Extremely Rare/Niche)
Solvent-free Transition Metal Complexes in Targeted C-H Activation,Chemistry & Chemical Engineering / Surface & Interfacial Chemistry,"### Overview
Exploits confined localized environments and tailored surface configurations to govern electronic pathways and spin states during chemical transformations.

### Why It Matters (Impact)
Unlocks access to previously unstable molecular geometries and material structures, paving the way for next-generation quantum devices.

### Mind-Blowing Fact
💡 Controlling the quantum spin polarization of electrons can increase chemical reaction efficiency by orders of magnitude without changing the temperature.",https://www.google.com/search?tbm=isch&q=Solvent-free+Transition+Metal+Complexes+in+Targeted+C-H+Activation,Moderate Popularity
Asymmetric Soft Robotic Actuators in Sub-Autonomous Deep-Sea Vehicles,Mechanical Engineering / Thermodynamics,"### Overview
Implements dynamic fluid-structure interactions or localized fields to control interfacial physics, thermal transport, or directional flow dynamics.

### Why It Matters (Impact)
Drastically reduces weight while boosting mechanical resilience and energy dissipation capabilities for next-generation systems.

### Mind-Blowing Fact
💡 By controlling atomic-level vibrations, these systems can guide thermal currents along specific paths, effectively making heat turn corners.",https://www.google.com/search?tbm=isch&q=Asymmetric+Soft+Robotic+Actuators+in+Sub-Autonomous+Deep-Sea+Vehicles,Moderate Popularity
Micro-architected Boundary Layer Actuators for Soft Neuromorphic Robotics,Mechanical Engineering / Micro/Nano Electromechanical Systems (MEMS),"### Overview
Utilizes advanced architectural configuration at micro or nano scales to manipulate structural mechanics and wave propagation properties beyond conventional material limits.

### Why It Matters (Impact)
Bypasses traditional mechanical failure and wear modes, offering unprecedented operational lifespans in harsh or inaccessible environments.

### Mind-Blowing Fact
💡 By controlling atomic-level vibrations, these systems can guide thermal currents along specific paths, effectively making heat turn corners.",https://www.google.com/search?tbm=isch&q=Micro-architected+Boundary+Layer+Actuators+for+Soft+Neuromorphic+Robotics,Low Popularity (Extremely Rare/Niche)
Bio-inspired Compliant Mechanisms in Sub-Autonomous Deep-Sea Vehicles,Mechanical Engineering / Thermodynamics,"### Overview
Integrates responsive polymer matrices or flexible smart materials with tailored geometries to achieve autonomous actuation and sensory adaptation without external computing.

### Why It Matters (Impact)
Bypasses traditional mechanical failure and wear modes, offering unprecedented operational lifespans in harsh or inaccessible environments.

### Mind-Blowing Fact
💡 These configurations can demonstrate negative Poisson's ratios, meaning they expand sideways when stretched rather than getting thinner.",https://www.google.com/search?tbm=isch&q=Bio-inspired+Compliant+Mechanisms+in+Sub-Autonomous+Deep-Sea+Vehicles,Moderate Popularity
Electrocatalytic Spin-polarized Catalysts for High-Density Green Hydrogen Production,Chemistry & Chemical Engineering / Quantum Chemistry,"### Overview
Arranges molecular architectures or quantum states in highly coordinated geometric configurations to dramatically lower activation energy barriers.

### Why It Matters (Impact)
Enables highly selective chemical transformations with zero unwanted side-products, transforming industrial green chemistry standards.

### Mind-Blowing Fact
💡 Some of these catalysts can perform millions of complex molecular transformations before showing even a single atom of wear or degradation.",https://www.google.com/search?tbm=isch&q=Electrocatalytic+Spin-polarized+Catalysts+for+High-Density+Green+Hydrogen+Production,Low Popularity (Extremely Rare/Niche)
Self-healing Microfluidic Channels in Sub-Autonomous Deep-Sea Vehicles,Mechanical Engineering / Robotics & Control,"### Overview
Integrates responsive polymer matrices or flexible smart materials with tailored geometries to achieve autonomous actuation and sensory adaptation without external computing.

### Why It Matters (Impact)
Provides ultra-precise regulation of fluid or thermal fluxes, enabling breakthrough performance in sub-micron computing and micro-propulsion.

### Mind-Blowing Fact
💡 By controlling atomic-level vibrations, these systems can guide thermal currents along specific paths, effectively making heat turn corners.",https://www.google.com/search?tbm=isch&q=Self-healing+Microfluidic+Channels+in+Sub-Autonomous+Deep-Sea+Vehicles,Low Popularity (Extremely Rare/Niche)
Electro-hydrodynamic Capillary Interfaces in Sub-Autonomous Deep-Sea Vehicles,Mechanical Engineering / Solid Mechanics,"### Overview
Integrates responsive polymer matrices or flexible smart materials with tailored geometries to achieve autonomous actuation and sensory adaptation without external computing.

### Why It Matters (Impact)
Provides ultra-precise regulation of fluid or thermal fluxes, enabling breakthrough performance in sub-micron computing and micro-propulsion.

### Mind-Blowing Fact
💡 By controlling atomic-level vibrations, these systems can guide thermal currents along specific paths, effectively making heat turn corners.",https://www.google.com/search?tbm=isch&q=Electro-hydrodynamic+Capillary+Interfaces+in+Sub-Autonomous+Deep-Sea+Vehicles,Low Popularity (Extremely Rare/Niche)
Single-atom Transition Metal Complexes in Renewable Biomass Upcycling,Chemistry & Chemical Engineering / Surface & Interfacial Chemistry,"### Overview
Utilizes alternative energy inputs like visible light, precise mechanical forces, or localized electric fields to bypass traditional thermodynamic constraints.

### Why It Matters (Impact)
Unlocks access to previously unstable molecular geometries and material structures, paving the way for next-generation quantum devices.

### Mind-Blowing Fact
💡 Some of these catalysts can perform millions of complex molecular transformations before showing even a single atom of wear or degradation.",https://www.google.com/search?tbm=isch&q=Single-atom+Transition+Metal+Complexes+in+Renewable+Biomass+Upcycling,Low Popularity (Extremely Rare/Niche)
Electro-hydrodynamic Boundary Layer Actuators in Multi-Scale Energy Scavenging,Mechanical Engineering / Micro/Nano Electromechanical Systems (MEMS),"### Overview
Utilizes advanced architectural configuration at micro or nano scales to manipulate structural mechanics and wave propagation properties beyond conventional material limits.

### Why It Matters (Impact)
Provides ultra-precise regulation of fluid or thermal fluxes, enabling breakthrough performance in sub-micron computing and micro-propulsion.

### Mind-Blowing Fact
💡 By controlling atomic-level vibrations, these systems can guide thermal currents along specific paths, effectively making heat turn corners.",https://www.google.com/search?tbm=isch&q=Electro-hydrodynamic+Boundary+Layer+Actuators+in+Multi-Scale+Energy+Scavenging,Low Popularity (Extremely Rare/Niche)
Solvent-free Solid-State Electrolyte Interphases for High-Density Green Hydrogen Production,Chemistry & Chemical Engineering / Catalysis & Kinetics,"### Overview
Utilizes alternative energy inputs like visible light, precise mechanical forces, or localized electric fields to bypass traditional thermodynamic constraints.

### Why It Matters (Impact)
Drastically accelerates sluggish reaction rates under ambient, energy-efficient conditions, eliminating the need for fossil-fueled heating.

### Mind-Blowing Fact
💡 Controlling the quantum spin polarization of electrons can increase chemical reaction efficiency by orders of magnitude without changing the temperature.",https://www.google.com/search?tbm=isch&q=Solvent-free+Solid-State+Electrolyte+Interphases+for+High-Density+Green+Hydrogen+Production,Moderate Popularity
Self-healing Metamaterial Lattices for Micro-Vibration Isolation,Mechanical Engineering / Solid Mechanics,"### Overview
Utilizes advanced architectural configuration at micro or nano scales to manipulate structural mechanics and wave propagation properties beyond conventional material limits.

### Why It Matters (Impact)
Provides ultra-precise regulation of fluid or thermal fluxes, enabling breakthrough performance in sub-micron computing and micro-propulsion.

### Mind-Blowing Fact
💡 By controlling atomic-level vibrations, these systems can guide thermal currents along specific paths, effectively making heat turn corners.",https://www.google.com/search?tbm=isch&q=Self-healing+Metamaterial+Lattices+for+Micro-Vibration+Isolation,Moderate Popularity
Enantioselective Deep Eutectic Solvents for High-Density Green Hydrogen Production,Chemistry & Chemical Engineering / Organic Synthesis,"### Overview
Exploits confined localized environments and tailored surface configurations to govern electronic pathways and spin states during chemical transformations.

### Why It Matters (Impact)
Enables highly selective chemical transformations with zero unwanted side-products, transforming industrial green chemistry standards.

### Mind-Blowing Fact
💡 Some of these catalysts can perform millions of complex molecular transformations before showing even a single atom of wear or degradation.",https://www.google.com/search?tbm=isch&q=Enantioselective+Deep+Eutectic+Solvents+for+High-Density+Green+Hydrogen+Production,Low Popularity (Extremely Rare/Niche)
Mechanochemical Spin-polarized Catalysts for Precision Carbon Capture,Chemistry & Chemical Engineering / Quantum Chemistry,"### Overview
Exploits confined localized environments and tailored surface configurations to govern electronic pathways and spin states during chemical transformations.

### Why It Matters (Impact)
Unlocks access to previously unstable molecular geometries and material structures, paving the way for next-generation quantum devices.

### Mind-Blowing Fact
💡 Controlling the quantum spin polarization of electrons can increase chemical reaction efficiency by orders of magnitude without changing the temperature.",https://www.google.com/search?tbm=isch&q=Mechanochemical+Spin-polarized+Catalysts+for+Precision+Carbon+Capture,Moderate Popularity
Photoredox-driven Covalent Organic Frameworks (COFs) in Chiral Pharmaceutical Separation,Chemistry & Chemical Engineering / Quantum Chemistry,"### Overview
Exploits confined localized environments and tailored surface configurations to govern electronic pathways and spin states during chemical transformations.

### Why It Matters (Impact)
Enables highly selective chemical transformations with zero unwanted side-products, transforming industrial green chemistry standards.

### Mind-Blowing Fact
💡 By trapping reacting molecules in sub-nanometer cages, reactions that normally take days can be forced to occur in a fraction of a second.",https://www.google.com/search?tbm=isch&q=Photoredox-driven+Covalent+Organic+Frameworks+%28COFs%29+in+Chiral+Pharmaceutical+Separation,Moderate Popularity
Enantioselective Quantum Embedding Interfaces for High-Density Green Hydrogen Production,Chemistry & Chemical Engineering / Catalysis & Kinetics,"### Overview
Utilizes alternative energy inputs like visible light, precise mechanical forces, or localized electric fields to bypass traditional thermodynamic constraints.

### Why It Matters (Impact)
Unlocks access to previously unstable molecular geometries and material structures, paving the way for next-generation quantum devices.

### Mind-Blowing Fact
💡 By trapping reacting molecules in sub-nanometer cages, reactions that normally take days can be forced to occur in a fraction of a second.",https://www.google.com/search?tbm=isch&q=Enantioselective+Quantum+Embedding+Interfaces+for+High-Density+Green+Hydrogen+Production,Moderate Popularity
Micro-architected Soft Robotic Actuators for High-Precision Vascular Navigation,Mechanical Engineering / Micro/Nano Electromechanical Systems (MEMS),"### Overview
Integrates responsive polymer matrices or flexible smart materials with tailored geometries to achieve autonomous actuation and sensory adaptation without external computing.

### Why It Matters (Impact)
Drastically reduces weight while boosting mechanical resilience and energy dissipation capabilities for next-generation systems.

### Mind-Blowing Fact
💡 The localized structural response is so immediate that it mimics biological reflex loops, bypassing centralized electronic control delays entirely.",https://www.google.com/search?tbm=isch&q=Micro-architected+Soft+Robotic+Actuators+for+High-Precision+Vascular+Navigation,Moderate Popularity
Supracritical Bimetallic Nanoclusters in Targeted C-H Activation,Chemistry & Chemical Engineering / Surface & Interfacial Chemistry,"### Overview
Arranges molecular architectures or quantum states in highly coordinated geometric configurations to dramatically lower activation energy barriers.

### Why It Matters (Impact)
Enables highly selective chemical transformations with zero unwanted side-products, transforming industrial green chemistry standards.

### Mind-Blowing Fact
💡 By trapping reacting molecules in sub-nanometer cages, reactions that normally take days can be forced to occur in a fraction of a second.",https://www.google.com/search?tbm=isch&q=Supracritical+Bimetallic+Nanoclusters+in+Targeted+C-H+Activation,Low Popularity (Extremely Rare/Niche)
Mechanochemical Spin-polarized Catalysts in Chiral Pharmaceutical Separation,Chemistry & Chemical Engineering / Electrochemistry,"### Overview
Exploits confined localized environments and tailored surface configurations to govern electronic pathways and spin states during chemical transformations.

### Why It Matters (Impact)
Unlocks access to previously unstable molecular geometries and material structures, paving the way for next-generation quantum devices.

### Mind-Blowing Fact
💡 By trapping reacting molecules in sub-nanometer cages, reactions that normally take days can be forced to occur in a fraction of a second.",https://www.google.com/search?tbm=isch&q=Mechanochemical+Spin-polarized+Catalysts+in+Chiral+Pharmaceutical+Separation,Moderate Popularity
Single-atom Bimetallic Nanoclusters in Renewable Biomass Upcycling,Chemistry & Chemical Engineering / Catalysis & Kinetics,"### Overview
Exploits confined localized environments and tailored surface configurations to govern electronic pathways and spin states during chemical transformations.

### Why It Matters (Impact)
Enables highly selective chemical transformations with zero unwanted side-products, transforming industrial green chemistry standards.

### Mind-Blowing Fact
💡 By trapping reacting molecules in sub-nanometer cages, reactions that normally take days can be forced to occur in a fraction of a second.",https://www.google.com/search?tbm=isch&q=Single-atom+Bimetallic+Nanoclusters+in+Renewable+Biomass+Upcycling,Low Popularity (Extremely Rare/Niche)
Asymmetric Viscoelastic Dampers for High-Precision Vascular Navigation,Mechanical Engineering / Micro/Nano Electromechanical Systems (MEMS),"### Overview
Utilizes advanced architectural configuration at micro or nano scales to manipulate structural mechanics and wave propagation properties beyond conventional material limits.

### Why It Matters (Impact)
Provides ultra-precise regulation of fluid or thermal fluxes, enabling breakthrough performance in sub-micron computing and micro-propulsion.

### Mind-Blowing Fact
💡 The localized structural response is so immediate that it mimics biological reflex loops, bypassing centralized electronic control delays entirely.",https://www.google.com/search?tbm=isch&q=Asymmetric+Viscoelastic+Dampers+for+High-Precision+Vascular+Navigation,Low Popularity (Extremely Rare/Niche)
Non-linear Metamaterial Lattices in Sub-Autonomous Deep-Sea Vehicles,Mechanical Engineering / Micro/Nano Electromechanical Systems (MEMS),"### Overview
Utilizes advanced architectural configuration at micro or nano scales to manipulate structural mechanics and wave propagation properties beyond conventional material limits.

### Why It Matters (Impact)
Drastically reduces weight while boosting mechanical resilience and energy dissipation capabilities for next-generation systems.

### Mind-Blowing Fact
💡 These configurations can demonstrate negative Poisson's ratios, meaning they expand sideways when stretched rather than getting thinner.",https://www.google.com/search?tbm=isch&q=Non-linear+Metamaterial+Lattices+in+Sub-Autonomous+Deep-Sea+Vehicles,Low Popularity (Extremely Rare/Niche)
Supramolecular Quantum Embedding Interfaces for Ultra-trace Explosive Detection,Chemistry & Chemical Engineering / Surface & Interfacial Chemistry,"### Overview
Arranges molecular architectures or quantum states in highly coordinated geometric configurations to dramatically lower activation energy barriers.

### Why It Matters (Impact)
Unlocks access to previously unstable molecular geometries and material structures, paving the way for next-generation quantum devices.

### Mind-Blowing Fact
💡 Some of these catalysts can perform millions of complex molecular transformations before showing even a single atom of wear or degradation.",https://www.google.com/search?tbm=isch&q=Supramolecular+Quantum+Embedding+Interfaces+for+Ultra-trace+Explosive+Detection,Moderate Popularity
Electrocatalytic Transition Metal Complexes in Chiral Pharmaceutical Separation,Chemistry & Chemical Engineering / Quantum Chemistry,"### Overview
Arranges molecular architectures or quantum states in highly coordinated geometric configurations to dramatically lower activation energy barriers.

### Why It Matters (Impact)
Unlocks access to previously unstable molecular geometries and material structures, paving the way for next-generation quantum devices.

### Mind-Blowing Fact
💡 Controlling the quantum spin polarization of electrons can increase chemical reaction efficiency by orders of magnitude without changing the temperature.",https://www.google.com/search?tbm=isch&q=Electrocatalytic+Transition+Metal+Complexes+in+Chiral+Pharmaceutical+Separation,Low Popularity (Extremely Rare/Niche)
Electro-hydrodynamic Boundary Layer Actuators for Extreme Aerospace Environments,Mechanical Engineering / Thermodynamics,"### Overview
Utilizes advanced architectural configuration at micro or nano scales to manipulate structural mechanics and wave propagation properties beyond conventional material limits.

### Why It Matters (Impact)
Drastically reduces weight while boosting mechanical resilience and energy dissipation capabilities for next-generation systems.

### Mind-Blowing Fact
💡 By controlling atomic-level vibrations, these systems can guide thermal currents along specific paths, effectively making heat turn corners.",https://www.google.com/search?tbm=isch&q=Electro-hydrodynamic+Boundary+Layer+Actuators+for+Extreme+Aerospace+Environments,Moderate Popularity
Chiral-induced Covalent Organic Frameworks (COFs) for Solid-State Battery Stabilization,Chemistry & Chemical Engineering / Surface & Interfacial Chemistry,"### Overview
Utilizes alternative energy inputs like visible light, precise mechanical forces, or localized electric fields to bypass traditional thermodynamic constraints.

### Why It Matters (Impact)
Unlocks access to previously unstable molecular geometries and material structures, paving the way for next-generation quantum devices.

### Mind-Blowing Fact
💡 Some of these catalysts can perform millions of complex molecular transformations before showing even a single atom of wear or degradation.",https://www.google.com/search?tbm=isch&q=Chiral-induced+Covalent+Organic+Frameworks+%28COFs%29+for+Solid-State+Battery+Stabilization,Moderate Popularity
Micro-architected Metamaterial Lattices in High-Flux Electronic Cooling,Mechanical Engineering / Solid Mechanics,"### Overview
Implements dynamic fluid-structure interactions or localized fields to control interfacial physics, thermal transport, or directional flow dynamics.

### Why It Matters (Impact)
Provides ultra-precise regulation of fluid or thermal fluxes, enabling breakthrough performance in sub-micron computing and micro-propulsion.

### Mind-Blowing Fact
💡 The localized structural response is so immediate that it mimics biological reflex loops, bypassing centralized electronic control delays entirely.",https://www.google.com/search?tbm=isch&q=Micro-architected+Metamaterial+Lattices+in+High-Flux+Electronic+Cooling,Low Popularity (Extremely Rare/Niche)
Micro-architected Compliant Mechanisms for Micro-Vibration Isolation,Mechanical Engineering / Thermodynamics,"### Overview
Utilizes advanced architectural configuration at micro or nano scales to manipulate structural mechanics and wave propagation properties beyond conventional material limits.

### Why It Matters (Impact)
Provides ultra-precise regulation of fluid or thermal fluxes, enabling breakthrough performance in sub-micron computing and micro-propulsion.

### Mind-Blowing Fact
💡 By controlling atomic-level vibrations, these systems can guide thermal currents along specific paths, effectively making heat turn corners.",https://www.google.com/search?tbm=isch&q=Micro-architected+Compliant+Mechanisms+for+Micro-Vibration+Isolation,Low Popularity (Extremely Rare/Niche)
Anisotropic Phononic Crystals for Adaptive Structural Shifting,Mechanical Engineering / Thermodynamics,"### Overview
Implements dynamic fluid-structure interactions or localized fields to control interfacial physics, thermal transport, or directional flow dynamics.

### Why It Matters (Impact)
Bypasses traditional mechanical failure and wear modes, offering unprecedented operational lifespans in harsh or inaccessible environments.

### Mind-Blowing Fact
💡 By controlling atomic-level vibrations, these systems can guide thermal currents along specific paths, effectively making heat turn corners.",https://www.google.com/search?tbm=isch&q=Anisotropic+Phononic+Crystals+for+Adaptive+Structural+Shifting,Moderate Popularity
Enantioselective Micro-flow Reactor Systems for High-Density Green Hydrogen Production,Chemistry & Chemical Engineering / Surface & Interfacial Chemistry,"### Overview
Exploits confined localized environments and tailored surface configurations to govern electronic pathways and spin states during chemical transformations.

### Why It Matters (Impact)
Enables highly selective chemical transformations with zero unwanted side-products, transforming industrial green chemistry standards.

### Mind-Blowing Fact
💡 Some of these catalysts can perform millions of complex molecular transformations before showing even a single atom of wear or degradation.",https://www.google.com/search?tbm=isch&q=Enantioselective+Micro-flow+Reactor+Systems+for+High-Density+Green+Hydrogen+Production,Moderate Popularity
Asymmetric Metamaterial Lattices for Extreme Aerospace Environments,Mechanical Engineering / Micro/Nano Electromechanical Systems (MEMS),"### Overview
Utilizes advanced architectural configuration at micro or nano scales to manipulate structural mechanics and wave propagation properties beyond conventional material limits.

### Why It Matters (Impact)
Drastically reduces weight while boosting mechanical resilience and energy dissipation capabilities for next-generation systems.

### Mind-Blowing Fact
💡 By controlling atomic-level vibrations, these systems can guide thermal currents along specific paths, effectively making heat turn corners.",https://www.google.com/search?tbm=isch&q=Asymmetric+Metamaterial+Lattices+for+Extreme+Aerospace+Environments,Low Popularity (Extremely Rare/Niche)
Enantioselective Covalent Organic Frameworks (COFs) for Ultra-trace Explosive Detection,Chemistry & Chemical Engineering / Organic Synthesis,"### Overview
Arranges molecular architectures or quantum states in highly coordinated geometric configurations to dramatically lower activation energy barriers.

### Why It Matters (Impact)
Drastically accelerates sluggish reaction rates under ambient, energy-efficient conditions, eliminating the need for fossil-fueled heating.

### Mind-Blowing Fact
💡 By trapping reacting molecules in sub-nanometer cages, reactions that normally take days can be forced to occur in a fraction of a second.",https://www.google.com/search?tbm=isch&q=Enantioselective+Covalent+Organic+Frameworks+%28COFs%29+for+Ultra-trace+Explosive+Detection,Low Popularity (Extremely Rare/Niche)
Asymmetric Microfluidic Channels for Soft Neuromorphic Robotics,Mechanical Engineering / Micro/Nano Electromechanical Systems (MEMS),"### Overview
Integrates responsive polymer matrices or flexible smart materials with tailored geometries to achieve autonomous actuation and sensory adaptation without external computing.

### Why It Matters (Impact)
Drastically reduces weight while boosting mechanical resilience and energy dissipation capabilities for next-generation systems.

### Mind-Blowing Fact
💡 By controlling atomic-level vibrations, these systems can guide thermal currents along specific paths, effectively making heat turn corners.",https://www.google.com/search?tbm=isch&q=Asymmetric+Microfluidic+Channels+for+Soft+Neuromorphic+Robotics,Moderate Popularity
Electrocatalytic Micro-flow Reactor Systems in Targeted C-H Activation,Chemistry & Chemical Engineering / Catalysis & Kinetics,"### Overview
Utilizes alternative energy inputs like visible light, precise mechanical forces, or localized electric fields to bypass traditional thermodynamic constraints.

### Why It Matters (Impact)
Drastically accelerates sluggish reaction rates under ambient, energy-efficient conditions, eliminating the need for fossil-fueled heating.

### Mind-Blowing Fact
💡 By trapping reacting molecules in sub-nanometer cages, reactions that normally take days can be forced to occur in a fraction of a second.",https://www.google.com/search?tbm=isch&q=Electrocatalytic+Micro-flow+Reactor+Systems+in+Targeted+C-H+Activation,Low Popularity (Extremely Rare/Niche)
Anisotropic Compliant Mechanisms for Soft Neuromorphic Robotics,Mechanical Engineering / Thermodynamics,"### Overview
Implements dynamic fluid-structure interactions or localized fields to control interfacial physics, thermal transport, or directional flow dynamics.

### Why It Matters (Impact)
Provides ultra-precise regulation of fluid or thermal fluxes, enabling breakthrough performance in sub-micron computing and micro-propulsion.

### Mind-Blowing Fact
💡 The localized structural response is so immediate that it mimics biological reflex loops, bypassing centralized electronic control delays entirely.",https://www.google.com/search?tbm=isch&q=Anisotropic+Compliant+Mechanisms+for+Soft+Neuromorphic+Robotics,Low Popularity (Extremely Rare/Niche)
Topology-optimized Microfluidic Channels for Extreme Aerospace Environments,Mechanical Engineering / Micro/Nano Electromechanical Systems (MEMS),"### Overview
Implements dynamic fluid-structure interactions or localized fields to control interfacial physics, thermal transport, or directional flow dynamics.

### Why It Matters (Impact)
Drastically reduces weight while boosting mechanical resilience and energy dissipation capabilities for next-generation systems.

### Mind-Blowing Fact
💡 These configurations can demonstrate negative Poisson's ratios, meaning they expand sideways when stretched rather than getting thinner.",https://www.google.com/search?tbm=isch&q=Topology-optimized+Microfluidic+Channels+for+Extreme+Aerospace+Environments,Low Popularity (Extremely Rare/Niche)
Asymmetric Thermoelectric Harvesters in Sub-Autonomous Deep-Sea Vehicles,Mechanical Engineering / Thermodynamics,"### Overview
Utilizes advanced architectural configuration at micro or nano scales to manipulate structural mechanics and wave propagation properties beyond conventional material limits.

### Why It Matters (Impact)
Drastically reduces weight while boosting mechanical resilience and energy dissipation capabilities for next-generation systems.

### Mind-Blowing Fact
💡 The localized structural response is so immediate that it mimics biological reflex loops, bypassing centralized electronic control delays entirely.",https://www.google.com/search?tbm=isch&q=Asymmetric+Thermoelectric+Harvesters+in+Sub-Autonomous+Deep-Sea+Vehicles,Moderate Popularity
Single-atom Spin-polarized Catalysts for Solid-State Battery Stabilization,Chemistry & Chemical Engineering / Electrochemistry,"### Overview
Arranges molecular architectures or quantum states in highly coordinated geometric configurations to dramatically lower activation energy barriers.

### Why It Matters (Impact)
Enables highly selective chemical transformations with zero unwanted side-products, transforming industrial green chemistry standards.

### Mind-Blowing Fact
💡 By trapping reacting molecules in sub-nanometer cages, reactions that normally take days can be forced to occur in a fraction of a second.",https://www.google.com/search?tbm=isch&q=Single-atom+Spin-polarized+Catalysts+for+Solid-State+Battery+Stabilization,Low Popularity (Extremely Rare/Niche)
Photoredox-driven Solid-State Electrolyte Interphases in Targeted C-H Activation,Chemistry & Chemical Engineering / Electrochemistry,"### Overview
Utilizes alternative energy inputs like visible light, precise mechanical forces, or localized electric fields to bypass traditional thermodynamic constraints.

### Why It Matters (Impact)
Enables highly selective chemical transformations with zero unwanted side-products, transforming industrial green chemistry standards.

### Mind-Blowing Fact
💡 Some of these catalysts can perform millions of complex molecular transformations before showing even a single atom of wear or degradation.",https://www.google.com/search?tbm=isch&q=Photoredox-driven+Solid-State+Electrolyte+Interphases+in+Targeted+C-H+Activation,Low Popularity (Extremely Rare/Niche)
Anisotropic Metamaterial Lattices in Multi-Scale Energy Scavenging,Mechanical Engineering / Micro/Nano Electromechanical Systems (MEMS),"### Overview
Integrates responsive polymer matrices or flexible smart materials with tailored geometries to achieve autonomous actuation and sensory adaptation without external computing.

### Why It Matters (Impact)
Drastically reduces weight while boosting mechanical resilience and energy dissipation capabilities for next-generation systems.

### Mind-Blowing Fact
💡 These configurations can demonstrate negative Poisson's ratios, meaning they expand sideways when stretched rather than getting thinner.",https://www.google.com/search?tbm=isch&q=Anisotropic+Metamaterial+Lattices+in+Multi-Scale+Energy+Scavenging,Low Popularity (Extremely Rare/Niche)
Supramolecular Micro-flow Reactor Systems in Non-Equilibrium Chemical Systems,Chemistry & Chemical Engineering / Catalysis & Kinetics,"### Overview
Exploits confined localized environments and tailored surface configurations to govern electronic pathways and spin states during chemical transformations.

### Why It Matters (Impact)
Drastically accelerates sluggish reaction rates under ambient, energy-efficient conditions, eliminating the need for fossil-fueled heating.

### Mind-Blowing Fact
💡 By trapping reacting molecules in sub-nanometer cages, reactions that normally take days can be forced to occur in a fraction of a second.",https://www.google.com/search?tbm=isch&q=Supramolecular+Micro-flow+Reactor+Systems+in+Non-Equilibrium+Chemical+Systems,Moderate Popularity
Self-healing Soft Robotic Actuators for High-Precision Vascular Navigation,Mechanical Engineering / Fluid Dynamics,"### Overview
Implements dynamic fluid-structure interactions or localized fields to control interfacial physics, thermal transport, or directional flow dynamics.

### Why It Matters (Impact)
Drastically reduces weight while boosting mechanical resilience and energy dissipation capabilities for next-generation systems.

### Mind-Blowing Fact
💡 The localized structural response is so immediate that it mimics biological reflex loops, bypassing centralized electronic control delays entirely.",https://www.google.com/search?tbm=isch&q=Self-healing+Soft+Robotic+Actuators+for+High-Precision+Vascular+Navigation,Low Popularity (Extremely Rare/Niche)
Bio-inspired Soft Robotic Actuators in Sub-Autonomous Deep-Sea Vehicles,Mechanical Engineering / Robotics & Control,"### Overview
Utilizes advanced architectural configuration at micro or nano scales to manipulate structural mechanics and wave propagation properties beyond conventional material limits.

### Why It Matters (Impact)
Drastically reduces weight while boosting mechanical resilience and energy dissipation capabilities for next-generation systems.

### Mind-Blowing Fact
💡 These configurations can demonstrate negative Poisson's ratios, meaning they expand sideways when stretched rather than getting thinner.",https://www.google.com/search?tbm=isch&q=Bio-inspired+Soft+Robotic+Actuators+in+Sub-Autonomous+Deep-Sea+Vehicles,Low Popularity (Extremely Rare/Niche)
Magneto-rheological Microfluidic Channels for Micro-Vibration Isolation,Mechanical Engineering / Fluid Dynamics,"### Overview
Integrates responsive polymer matrices or flexible smart materials with tailored geometries to achieve autonomous actuation and sensory adaptation without external computing.

### Why It Matters (Impact)
Drastically reduces weight while boosting mechanical resilience and energy dissipation capabilities for next-generation systems.

### Mind-Blowing Fact
💡 By controlling atomic-level vibrations, these systems can guide thermal currents along specific paths, effectively making heat turn corners.",https://www.google.com/search?tbm=isch&q=Magneto-rheological+Microfluidic+Channels+for+Micro-Vibration+Isolation,Low Popularity (Extremely Rare/Niche)
Bio-inspired Microfluidic Channels for Extreme Aerospace Environments,Mechanical Engineering / Thermodynamics,"### Overview
Implements dynamic fluid-structure interactions or localized fields to control interfacial physics, thermal transport, or directional flow dynamics.

### Why It Matters (Impact)
Provides ultra-precise regulation of fluid or thermal fluxes, enabling breakthrough performance in sub-micron computing and micro-propulsion.

### Mind-Blowing Fact
💡 The localized structural response is so immediate that it mimics biological reflex loops, bypassing centralized electronic control delays entirely.",https://www.google.com/search?tbm=isch&q=Bio-inspired+Microfluidic+Channels+for+Extreme+Aerospace+Environments,Moderate Popularity
Non-linear Microfluidic Channels for Micro-Vibration Isolation,Mechanical Engineering / Robotics & Control,"### Overview
Utilizes advanced architectural configuration at micro or nano scales to manipulate structural mechanics and wave propagation properties beyond conventional material limits.

### Why It Matters (Impact)
Drastically reduces weight while boosting mechanical resilience and energy dissipation capabilities for next-generation systems.

### Mind-Blowing Fact
💡 These configurations can demonstrate negative Poisson's ratios, meaning they expand sideways when stretched rather than getting thinner.",https://www.google.com/search?tbm=isch&q=Non-linear+Microfluidic+Channels+for+Micro-Vibration+Isolation,Moderate Popularity
Non-linear Boundary Layer Actuators for Adaptive Structural Shifting,Mechanical Engineering / Solid Mechanics,"### Overview
Utilizes advanced architectural configuration at micro or nano scales to manipulate structural mechanics and wave propagation properties beyond conventional material limits.

### Why It Matters (Impact)
Drastically reduces weight while boosting mechanical resilience and energy dissipation capabilities for next-generation systems.

### Mind-Blowing Fact
💡 By controlling atomic-level vibrations, these systems can guide thermal currents along specific paths, effectively making heat turn corners.",https://www.google.com/search?tbm=isch&q=Non-linear+Boundary+Layer+Actuators+for+Adaptive+Structural+Shifting,Moderate Popularity
Single-atom Quantum Embedding Interfaces for Ultra-trace Explosive Detection,Chemistry & Chemical Engineering / Electrochemistry,"### Overview
Arranges molecular architectures or quantum states in highly coordinated geometric configurations to dramatically lower activation energy barriers.

### Why It Matters (Impact)
Drastically accelerates sluggish reaction rates under ambient, energy-efficient conditions, eliminating the need for fossil-fueled heating.

### Mind-Blowing Fact
💡 By trapping reacting molecules in sub-nanometer cages, reactions that normally take days can be forced to occur in a fraction of a second.",https://www.google.com/search?tbm=isch&q=Single-atom+Quantum+Embedding+Interfaces+for+Ultra-trace+Explosive+Detection,Moderate Popularity
Supracritical Spin-polarized Catalysts for Precision Carbon Capture,Chemistry & Chemical Engineering / Catalysis & Kinetics,"### Overview
Utilizes alternative energy inputs like visible light, precise mechanical forces, or localized electric fields to bypass traditional thermodynamic constraints.

### Why It Matters (Impact)
Unlocks access to previously unstable molecular geometries and material structures, paving the way for next-generation quantum devices.

### Mind-Blowing Fact
💡 Some of these catalysts can perform millions of complex molecular transformations before showing even a single atom of wear or degradation.",https://www.google.com/search?tbm=isch&q=Supracritical+Spin-polarized+Catalysts+for+Precision+Carbon+Capture,Moderate Popularity
Supramolecular Bio-mimetic Enzyme Mimics in Renewable Biomass Upcycling,Chemistry & Chemical Engineering / Electrochemistry,"### Overview
Arranges molecular architectures or quantum states in highly coordinated geometric configurations to dramatically lower activation energy barriers.

### Why It Matters (Impact)
Enables highly selective chemical transformations with zero unwanted side-products, transforming industrial green chemistry standards.

### Mind-Blowing Fact
💡 Controlling the quantum spin polarization of electrons can increase chemical reaction efficiency by orders of magnitude without changing the temperature.",https://www.google.com/search?tbm=isch&q=Supramolecular+Bio-mimetic+Enzyme+Mimics+in+Renewable+Biomass+Upcycling,Low Popularity (Extremely Rare/Niche)
Topology-optimized Capillary Interfaces for Soft Neuromorphic Robotics,Mechanical Engineering / Robotics & Control,"### Overview
Integrates responsive polymer matrices or flexible smart materials with tailored geometries to achieve autonomous actuation and sensory adaptation without external computing.

### Why It Matters (Impact)
Bypasses traditional mechanical failure and wear modes, offering unprecedented operational lifespans in harsh or inaccessible environments.

### Mind-Blowing Fact
💡 These configurations can demonstrate negative Poisson's ratios, meaning they expand sideways when stretched rather than getting thinner.",https://www.google.com/search?tbm=isch&q=Topology-optimized+Capillary+Interfaces+for+Soft+Neuromorphic+Robotics,Low Popularity (Extremely Rare/Niche)
Solvent-free Plasmonic Nanostructures in Non-Equilibrium Chemical Systems,Chemistry & Chemical Engineering / Electrochemistry,"### Overview
Utilizes alternative energy inputs like visible light, precise mechanical forces, or localized electric fields to bypass traditional thermodynamic constraints.

### Why It Matters (Impact)
Unlocks access to previously unstable molecular geometries and material structures, paving the way for next-generation quantum devices.

### Mind-Blowing Fact
💡 Controlling the quantum spin polarization of electrons can increase chemical reaction efficiency by orders of magnitude without changing the temperature.",https://www.google.com/search?tbm=isch&q=Solvent-free+Plasmonic+Nanostructures+in+Non-Equilibrium+Chemical+Systems,Low Popularity (Extremely Rare/Niche)
Single-atom Micro-flow Reactor Systems in Chiral Pharmaceutical Separation,Chemistry & Chemical Engineering / Organic Synthesis,"### Overview
Arranges molecular architectures or quantum states in highly coordinated geometric configurations to dramatically lower activation energy barriers.

### Why It Matters (Impact)
Drastically accelerates sluggish reaction rates under ambient, energy-efficient conditions, eliminating the need for fossil-fueled heating.

### Mind-Blowing Fact
💡 By trapping reacting molecules in sub-nanometer cages, reactions that normally take days can be forced to occur in a fraction of a second.",https://www.google.com/search?tbm=isch&q=Single-atom+Micro-flow+Reactor+Systems+in+Chiral+Pharmaceutical+Separation,Low Popularity (Extremely Rare/Niche)
Bio-inspired Capillary Interfaces for Extreme Aerospace Environments,Mechanical Engineering / Fluid Dynamics,"### Overview
Utilizes advanced architectural configuration at micro or nano scales to manipulate structural mechanics and wave propagation properties beyond conventional material limits.

### Why It Matters (Impact)
Bypasses traditional mechanical failure and wear modes, offering unprecedented operational lifespans in harsh or inaccessible environments.

### Mind-Blowing Fact
💡 By controlling atomic-level vibrations, these systems can guide thermal currents along specific paths, effectively making heat turn corners.",https://www.google.com/search?tbm=isch&q=Bio-inspired+Capillary+Interfaces+for+Extreme+Aerospace+Environments,Low Popularity (Extremely Rare/Niche)
Topology-optimized Triboelectric Nanogenerators for High-Precision Vascular Navigation,Mechanical Engineering / Fluid Dynamics,"### Overview
Integrates responsive polymer matrices or flexible smart materials with tailored geometries to achieve autonomous actuation and sensory adaptation without external computing.

### Why It Matters (Impact)
Bypasses traditional mechanical failure and wear modes, offering unprecedented operational lifespans in harsh or inaccessible environments.

### Mind-Blowing Fact
💡 By controlling atomic-level vibrations, these systems can guide thermal currents along specific paths, effectively making heat turn corners.",https://www.google.com/search?tbm=isch&q=Topology-optimized+Triboelectric+Nanogenerators+for+High-Precision+Vascular+Navigation,Moderate Popularity
Chiral-induced Spin-polarized Catalysts in Chiral Pharmaceutical Separation,Chemistry & Chemical Engineering / Surface & Interfacial Chemistry,"### Overview
Exploits confined localized environments and tailored surface configurations to govern electronic pathways and spin states during chemical transformations.

### Why It Matters (Impact)
Unlocks access to previously unstable molecular geometries and material structures, paving the way for next-generation quantum devices.

### Mind-Blowing Fact
💡 Controlling the quantum spin polarization of electrons can increase chemical reaction efficiency by orders of magnitude without changing the temperature.",https://www.google.com/search?tbm=isch&q=Chiral-induced+Spin-polarized+Catalysts+in+Chiral+Pharmaceutical+Separation,Moderate Popularity
Cryogenic Soft Robotic Actuators for Extreme Aerospace Environments,Mechanical Engineering / Solid Mechanics,"### Overview
Implements dynamic fluid-structure interactions or localized fields to control interfacial physics, thermal transport, or directional flow dynamics.

### Why It Matters (Impact)
Bypasses traditional mechanical failure and wear modes, offering unprecedented operational lifespans in harsh or inaccessible environments.

### Mind-Blowing Fact
💡 These configurations can demonstrate negative Poisson's ratios, meaning they expand sideways when stretched rather than getting thinner.",https://www.google.com/search?tbm=isch&q=Cryogenic+Soft+Robotic+Actuators+for+Extreme+Aerospace+Environments,Moderate Popularity
Mechanochemical Covalent Organic Frameworks (COFs) for Precision Carbon Capture,Chemistry & Chemical Engineering / Organic Synthesis,"### Overview
Arranges molecular architectures or quantum states in highly coordinated geometric configurations to dramatically lower activation energy barriers.

### Why It Matters (Impact)
Unlocks access to previously unstable molecular geometries and material structures, paving the way for next-generation quantum devices.

### Mind-Blowing Fact
💡 Some of these catalysts can perform millions of complex molecular transformations before showing even a single atom of wear or degradation.",https://www.google.com/search?tbm=isch&q=Mechanochemical+Covalent+Organic+Frameworks+%28COFs%29+for+Precision+Carbon+Capture,Moderate Popularity
Magneto-rheological Phononic Crystals for High-Precision Vascular Navigation,Mechanical Engineering / Micro/Nano Electromechanical Systems (MEMS),"### Overview
Integrates responsive polymer matrices or flexible smart materials with tailored geometries to achieve autonomous actuation and sensory adaptation without external computing.

### Why It Matters (Impact)
Bypasses traditional mechanical failure and wear modes, offering unprecedented operational lifespans in harsh or inaccessible environments.

### Mind-Blowing Fact
💡 By controlling atomic-level vibrations, these systems can guide thermal currents along specific paths, effectively making heat turn corners.",https://www.google.com/search?tbm=isch&q=Magneto-rheological+Phononic+Crystals+for+High-Precision+Vascular+Navigation,Moderate Popularity
Mechanochemical Spin-polarized Catalysts for High-Density Green Hydrogen Production,Chemistry & Chemical Engineering / Catalysis & Kinetics,"### Overview
Utilizes alternative energy inputs like visible light, precise mechanical forces, or localized electric fields to bypass traditional thermodynamic constraints.

### Why It Matters (Impact)
Drastically accelerates sluggish reaction rates under ambient, energy-efficient conditions, eliminating the need for fossil-fueled heating.

### Mind-Blowing Fact
💡 Some of these catalysts can perform millions of complex molecular transformations before showing even a single atom of wear or degradation.",https://www.google.com/search?tbm=isch&q=Mechanochemical+Spin-polarized+Catalysts+for+High-Density+Green+Hydrogen+Production,Low Popularity (Extremely Rare/Niche)
Solvent-free Solid-State Electrolyte Interphases in Non-Equilibrium Chemical Systems,Chemistry & Chemical Engineering / Organic Synthesis,"### Overview
Arranges molecular architectures or quantum states in highly coordinated geometric configurations to dramatically lower activation energy barriers.

### Why It Matters (Impact)
Unlocks access to previously unstable molecular geometries and material structures, paving the way for next-generation quantum devices.

### Mind-Blowing Fact
💡 Some of these catalysts can perform millions of complex molecular transformations before showing even a single atom of wear or degradation.",https://www.google.com/search?tbm=isch&q=Solvent-free+Solid-State+Electrolyte+Interphases+in+Non-Equilibrium+Chemical+Systems,Moderate Popularity
Micro-architected Viscoelastic Dampers for Micro-Vibration Isolation,Mechanical Engineering / Robotics & Control,"### Overview
Utilizes advanced architectural configuration at micro or nano scales to manipulate structural mechanics and wave propagation properties beyond conventional material limits.

### Why It Matters (Impact)
Provides ultra-precise regulation of fluid or thermal fluxes, enabling breakthrough performance in sub-micron computing and micro-propulsion.

### Mind-Blowing Fact
💡 By controlling atomic-level vibrations, these systems can guide thermal currents along specific paths, effectively making heat turn corners.",https://www.google.com/search?tbm=isch&q=Micro-architected+Viscoelastic+Dampers+for+Micro-Vibration+Isolation,Moderate Popularity
Self-healing Metamaterial Lattices in Sub-Autonomous Deep-Sea Vehicles,Mechanical Engineering / Thermodynamics,"### Overview
Utilizes advanced architectural configuration at micro or nano scales to manipulate structural mechanics and wave propagation properties beyond conventional material limits.

### Why It Matters (Impact)
Drastically reduces weight while boosting mechanical resilience and energy dissipation capabilities for next-generation systems.

### Mind-Blowing Fact
💡 The localized structural response is so immediate that it mimics biological reflex loops, bypassing centralized electronic control delays entirely.",https://www.google.com/search?tbm=isch&q=Self-healing+Metamaterial+Lattices+in+Sub-Autonomous+Deep-Sea+Vehicles,Moderate Popularity
Supramolecular Spin-polarized Catalysts for Ultra-trace Explosive Detection,Chemistry & Chemical Engineering / Electrochemistry,"### Overview
Exploits confined localized environments and tailored surface configurations to govern electronic pathways and spin states during chemical transformations.

### Why It Matters (Impact)
Drastically accelerates sluggish reaction rates under ambient, energy-efficient conditions, eliminating the need for fossil-fueled heating.

### Mind-Blowing Fact
💡 Controlling the quantum spin polarization of electrons can increase chemical reaction efficiency by orders of magnitude without changing the temperature.",https://www.google.com/search?tbm=isch&q=Supramolecular+Spin-polarized+Catalysts+for+Ultra-trace+Explosive+Detection,Low Popularity (Extremely Rare/Niche)
Single-atom Deep Eutectic Solvents for Precision Carbon Capture,Chemistry & Chemical Engineering / Quantum Chemistry,"### Overview
Exploits confined localized environments and tailored surface configurations to govern electronic pathways and spin states during chemical transformations.

### Why It Matters (Impact)
Drastically accelerates sluggish reaction rates under ambient, energy-efficient conditions, eliminating the need for fossil-fueled heating.

### Mind-Blowing Fact
💡 By trapping reacting molecules in sub-nanometer cages, reactions that normally take days can be forced to occur in a fraction of a second.",https://www.google.com/search?tbm=isch&q=Single-atom+Deep+Eutectic+Solvents+for+Precision+Carbon+Capture,Moderate Popularity
Supramolecular Spin-polarized Catalysts in Targeted C-H Activation,Chemistry & Chemical Engineering / Organic Synthesis,"### Overview
Utilizes alternative energy inputs like visible light, precise mechanical forces, or localized electric fields to bypass traditional thermodynamic constraints.

### Why It Matters (Impact)
Enables highly selective chemical transformations with zero unwanted side-products, transforming industrial green chemistry standards.

### Mind-Blowing Fact
💡 Controlling the quantum spin polarization of electrons can increase chemical reaction efficiency by orders of magnitude without changing the temperature.",https://www.google.com/search?tbm=isch&q=Supramolecular+Spin-polarized+Catalysts+in+Targeted+C-H+Activation,Low Popularity (Extremely Rare/Niche)
Micro-architected Triboelectric Nanogenerators in Multi-Scale Energy Scavenging,Mechanical Engineering / Robotics & Control,"### Overview
Utilizes advanced architectural configuration at micro or nano scales to manipulate structural mechanics and wave propagation properties beyond conventional material limits.

### Why It Matters (Impact)
Drastically reduces weight while boosting mechanical resilience and energy dissipation capabilities for next-generation systems.

### Mind-Blowing Fact
💡 These configurations can demonstrate negative Poisson's ratios, meaning they expand sideways when stretched rather than getting thinner.",https://www.google.com/search?tbm=isch&q=Micro-architected+Triboelectric+Nanogenerators+in+Multi-Scale+Energy+Scavenging,Low Popularity (Extremely Rare/Niche)
Heterogeneous Transition Metal Complexes for Precision Carbon Capture,Chemistry & Chemical Engineering / Catalysis & Kinetics,"### Overview
Exploits confined localized environments and tailored surface configurations to govern electronic pathways and spin states during chemical transformations.

### Why It Matters (Impact)
Unlocks access to previously unstable molecular geometries and material structures, paving the way for next-generation quantum devices.

### Mind-Blowing Fact
💡 Some of these catalysts can perform millions of complex molecular transformations before showing even a single atom of wear or degradation.",https://www.google.com/search?tbm=isch&q=Heterogeneous+Transition+Metal+Complexes+for+Precision+Carbon+Capture,Low Popularity (Extremely Rare/Niche)
Anisotropic Soft Robotic Actuators for Soft Neuromorphic Robotics,Mechanical Engineering / Thermodynamics,"### Overview
Utilizes advanced architectural configuration at micro or nano scales to manipulate structural mechanics and wave propagation properties beyond conventional material limits.

### Why It Matters (Impact)
Drastically reduces weight while boosting mechanical resilience and energy dissipation capabilities for next-generation systems.

### Mind-Blowing Fact
💡 These configurations can demonstrate negative Poisson's ratios, meaning they expand sideways when stretched rather than getting thinner.",https://www.google.com/search?tbm=isch&q=Anisotropic+Soft+Robotic+Actuators+for+Soft+Neuromorphic+Robotics,Moderate Popularity
Supracritical Transition Metal Complexes for Solid-State Battery Stabilization,Chemistry & Chemical Engineering / Quantum Chemistry,"### Overview
Exploits confined localized environments and tailored surface configurations to govern electronic pathways and spin states during chemical transformations.

### Why It Matters (Impact)
Drastically accelerates sluggish reaction rates under ambient, energy-efficient conditions, eliminating the need for fossil-fueled heating.

### Mind-Blowing Fact
💡 Controlling the quantum spin polarization of electrons can increase chemical reaction efficiency by orders of magnitude without changing the temperature.",https://www.google.com/search?tbm=isch&q=Supracritical+Transition+Metal+Complexes+for+Solid-State+Battery+Stabilization,Low Popularity (Extremely Rare/Niche)
Electro-hydrodynamic Microfluidic Channels for High-Precision Vascular Navigation,Mechanical Engineering / Micro/Nano Electromechanical Systems (MEMS),"### Overview
Implements dynamic fluid-structure interactions or localized fields to control interfacial physics, thermal transport, or directional flow dynamics.

### Why It Matters (Impact)
Provides ultra-precise regulation of fluid or thermal fluxes, enabling breakthrough performance in sub-micron computing and micro-propulsion.

### Mind-Blowing Fact
💡 These configurations can demonstrate negative Poisson's ratios, meaning they expand sideways when stretched rather than getting thinner.",https://www.google.com/search?tbm=isch&q=Electro-hydrodynamic+Microfluidic+Channels+for+High-Precision+Vascular+Navigation,Low Popularity (Extremely Rare/Niche)
Self-healing Soft Robotic Actuators in Sub-Autonomous Deep-Sea Vehicles,Mechanical Engineering / Thermodynamics,"### Overview
Utilizes advanced architectural configuration at micro or nano scales to manipulate structural mechanics and wave propagation properties beyond conventional material limits.

### Why It Matters (Impact)
Provides ultra-precise regulation of fluid or thermal fluxes, enabling breakthrough performance in sub-micron computing and micro-propulsion.

### Mind-Blowing Fact
💡 The localized structural response is so immediate that it mimics biological reflex loops, bypassing centralized electronic control delays entirely.",https://www.google.com/search?tbm=isch&q=Self-healing+Soft+Robotic+Actuators+in+Sub-Autonomous+Deep-Sea+Vehicles,Moderate Popularity
Non-linear Viscoelastic Dampers in Multi-Scale Energy Scavenging,Mechanical Engineering / Solid Mechanics,"### Overview
Integrates responsive polymer matrices or flexible smart materials with tailored geometries to achieve autonomous actuation and sensory adaptation without external computing.

### Why It Matters (Impact)
Drastically reduces weight while boosting mechanical resilience and energy dissipation capabilities for next-generation systems.

### Mind-Blowing Fact
💡 The localized structural response is so immediate that it mimics biological reflex loops, bypassing centralized electronic control delays entirely.",https://www.google.com/search?tbm=isch&q=Non-linear+Viscoelastic+Dampers+in+Multi-Scale+Energy+Scavenging,Moderate Popularity
Bio-inspired Phononic Crystals in Multi-Scale Energy Scavenging,Mechanical Engineering / Robotics & Control,"### Overview
Integrates responsive polymer matrices or flexible smart materials with tailored geometries to achieve autonomous actuation and sensory adaptation without external computing.

### Why It Matters (Impact)
Drastically reduces weight while boosting mechanical resilience and energy dissipation capabilities for next-generation systems.

### Mind-Blowing Fact
💡 The localized structural response is so immediate that it mimics biological reflex loops, bypassing centralized electronic control delays entirely.",https://www.google.com/search?tbm=isch&q=Bio-inspired+Phononic+Crystals+in+Multi-Scale+Energy+Scavenging,Moderate Popularity
Micro-architected Microfluidic Channels for Soft Neuromorphic Robotics,Mechanical Engineering / Robotics & Control,"### Overview
Utilizes advanced architectural configuration at micro or nano scales to manipulate structural mechanics and wave propagation properties beyond conventional material limits.

### Why It Matters (Impact)
Drastically reduces weight while boosting mechanical resilience and energy dissipation capabilities for next-generation systems.

### Mind-Blowing Fact
💡 These configurations can demonstrate negative Poisson's ratios, meaning they expand sideways when stretched rather than getting thinner.",https://www.google.com/search?tbm=isch&q=Micro-architected+Microfluidic+Channels+for+Soft+Neuromorphic+Robotics,Low Popularity (Extremely Rare/Niche)
Topology-optimized Microfluidic Channels in Sub-Autonomous Deep-Sea Vehicles,Mechanical Engineering / Robotics & Control,"### Overview
Implements dynamic fluid-structure interactions or localized fields to control interfacial physics, thermal transport, or directional flow dynamics.

### Why It Matters (Impact)
Bypasses traditional mechanical failure and wear modes, offering unprecedented operational lifespans in harsh or inaccessible environments.

### Mind-Blowing Fact
💡 These configurations can demonstrate negative Poisson's ratios, meaning they expand sideways when stretched rather than getting thinner.",https://www.google.com/search?tbm=isch&q=Topology-optimized+Microfluidic+Channels+in+Sub-Autonomous+Deep-Sea+Vehicles,Moderate Popularity
Supramolecular Bio-mimetic Enzyme Mimics in Non-Equilibrium Chemical Systems,Chemistry & Chemical Engineering / Surface & Interfacial Chemistry,"### Overview
Exploits confined localized environments and tailored surface configurations to govern electronic pathways and spin states during chemical transformations.

### Why It Matters (Impact)
Unlocks access to previously unstable molecular geometries and material structures, paving the way for next-generation quantum devices.

### Mind-Blowing Fact
💡 Controlling the quantum spin polarization of electrons can increase chemical reaction efficiency by orders of magnitude without changing the temperature.",https://www.google.com/search?tbm=isch&q=Supramolecular+Bio-mimetic+Enzyme+Mimics+in+Non-Equilibrium+Chemical+Systems,Moderate Popularity
Supramolecular Spin-polarized Catalysts for High-Density Green Hydrogen Production,Chemistry & Chemical Engineering / Quantum Chemistry,"### Overview
Utilizes alternative energy inputs like visible light, precise mechanical forces, or localized electric fields to bypass traditional thermodynamic constraints.

### Why It Matters (Impact)
Unlocks access to previously unstable molecular geometries and material structures, paving the way for next-generation quantum devices.

### Mind-Blowing Fact
💡 Some of these catalysts can perform millions of complex molecular transformations before showing even a single atom of wear or degradation.",https://www.google.com/search?tbm=isch&q=Supramolecular+Spin-polarized+Catalysts+for+High-Density+Green+Hydrogen+Production,Moderate Popularity
Non-linear Compliant Mechanisms for High-Precision Vascular Navigation,Mechanical Engineering / Micro/Nano Electromechanical Systems (MEMS),"### Overview
Implements dynamic fluid-structure interactions or localized fields to control interfacial physics, thermal transport, or directional flow dynamics.

### Why It Matters (Impact)
Provides ultra-precise regulation of fluid or thermal fluxes, enabling breakthrough performance in sub-micron computing and micro-propulsion.

### Mind-Blowing Fact
💡 By controlling atomic-level vibrations, these systems can guide thermal currents along specific paths, effectively making heat turn corners.",https://www.google.com/search?tbm=isch&q=Non-linear+Compliant+Mechanisms+for+High-Precision+Vascular+Navigation,Low Popularity (Extremely Rare/Niche)
Enantioselective Deep Eutectic Solvents for Ultra-trace Explosive Detection,Chemistry & Chemical Engineering / Quantum Chemistry,"### Overview
Arranges molecular architectures or quantum states in highly coordinated geometric configurations to dramatically lower activation energy barriers.

### Why It Matters (Impact)
Unlocks access to previously unstable molecular geometries and material structures, paving the way for next-generation quantum devices.

### Mind-Blowing Fact
💡 Some of these catalysts can perform millions of complex molecular transformations before showing even a single atom of wear or degradation.",https://www.google.com/search?tbm=isch&q=Enantioselective+Deep+Eutectic+Solvents+for+Ultra-trace+Explosive+Detection,Low Popularity (Extremely Rare/Niche)
Magneto-rheological Boundary Layer Actuators for Extreme Aerospace Environments,Mechanical Engineering / Robotics & Control,"### Overview
Integrates responsive polymer matrices or flexible smart materials with tailored geometries to achieve autonomous actuation and sensory adaptation without external computing.

### Why It Matters (Impact)
Provides ultra-precise regulation of fluid or thermal fluxes, enabling breakthrough performance in sub-micron computing and micro-propulsion.

### Mind-Blowing Fact
💡 By controlling atomic-level vibrations, these systems can guide thermal currents along specific paths, effectively making heat turn corners.",https://www.google.com/search?tbm=isch&q=Magneto-rheological+Boundary+Layer+Actuators+for+Extreme+Aerospace+Environments,Low Popularity (Extremely Rare/Niche)
Heterogeneous Spin-polarized Catalysts for Solid-State Battery Stabilization,Chemistry & Chemical Engineering / Quantum Chemistry,"### Overview
Utilizes alternative energy inputs like visible light, precise mechanical forces, or localized electric fields to bypass traditional thermodynamic constraints.

### Why It Matters (Impact)
Drastically accelerates sluggish reaction rates under ambient, energy-efficient conditions, eliminating the need for fossil-fueled heating.

### Mind-Blowing Fact
💡 Controlling the quantum spin polarization of electrons can increase chemical reaction efficiency by orders of magnitude without changing the temperature.",https://www.google.com/search?tbm=isch&q=Heterogeneous+Spin-polarized+Catalysts+for+Solid-State+Battery+Stabilization,Low Popularity (Extremely Rare/Niche)
Photoredox-driven Bimetallic Nanoclusters in Renewable Biomass Upcycling,Chemistry & Chemical Engineering / Surface & Interfacial Chemistry,"### Overview
Arranges molecular architectures or quantum states in highly coordinated geometric configurations to dramatically lower activation energy barriers.

### Why It Matters (Impact)
Drastically accelerates sluggish reaction rates under ambient, energy-efficient conditions, eliminating the need for fossil-fueled heating.

### Mind-Blowing Fact
💡 Some of these catalysts can perform millions of complex molecular transformations before showing even a single atom of wear or degradation.",https://www.google.com/search?tbm=isch&q=Photoredox-driven+Bimetallic+Nanoclusters+in+Renewable+Biomass+Upcycling,Low Popularity (Extremely Rare/Niche)
Solvent-free Spin-polarized Catalysts in Targeted C-H Activation,Chemistry & Chemical Engineering / Quantum Chemistry,"### Overview
Exploits confined localized environments and tailored surface configurations to govern electronic pathways and spin states during chemical transformations.

### Why It Matters (Impact)
Unlocks access to previously unstable molecular geometries and material structures, paving the way for next-generation quantum devices.

### Mind-Blowing Fact
💡 Some of these catalysts can perform millions of complex molecular transformations before showing even a single atom of wear or degradation.",https://www.google.com/search?tbm=isch&q=Solvent-free+Spin-polarized+Catalysts+in+Targeted+C-H+Activation,Low Popularity (Extremely Rare/Niche)
Anisotropic Metamaterial Lattices in High-Flux Electronic Cooling,Mechanical Engineering / Micro/Nano Electromechanical Systems (MEMS),"### Overview
Utilizes advanced architectural configuration at micro or nano scales to manipulate structural mechanics and wave propagation properties beyond conventional material limits.

### Why It Matters (Impact)
Drastically reduces weight while boosting mechanical resilience and energy dissipation capabilities for next-generation systems.

### Mind-Blowing Fact
💡 These configurations can demonstrate negative Poisson's ratios, meaning they expand sideways when stretched rather than getting thinner.",https://www.google.com/search?tbm=isch&q=Anisotropic+Metamaterial+Lattices+in+High-Flux+Electronic+Cooling,Moderate Popularity
Asymmetric Viscoelastic Dampers for Soft Neuromorphic Robotics,Mechanical Engineering / Robotics & Control,"### Overview
Implements dynamic fluid-structure interactions or localized fields to control interfacial physics, thermal transport, or directional flow dynamics.

### Why It Matters (Impact)
Provides ultra-precise regulation of fluid or thermal fluxes, enabling breakthrough performance in sub-micron computing and micro-propulsion.

### Mind-Blowing Fact
💡 By controlling atomic-level vibrations, these systems can guide thermal currents along specific paths, effectively making heat turn corners.",https://www.google.com/search?tbm=isch&q=Asymmetric+Viscoelastic+Dampers+for+Soft+Neuromorphic+Robotics,Low Popularity (Extremely Rare/Niche)
Topology-optimized Viscoelastic Dampers for Adaptive Structural Shifting,Mechanical Engineering / Solid Mechanics,"### Overview
Integrates responsive polymer matrices or flexible smart materials with tailored geometries to achieve autonomous actuation and sensory adaptation without external computing.

### Why It Matters (Impact)
Provides ultra-precise regulation of fluid or thermal fluxes, enabling breakthrough performance in sub-micron computing and micro-propulsion.

### Mind-Blowing Fact
💡 These configurations can demonstrate negative Poisson's ratios, meaning they expand sideways when stretched rather than getting thinner.",https://www.google.com/search?tbm=isch&q=Topology-optimized+Viscoelastic+Dampers+for+Adaptive+Structural+Shifting,Low Popularity (Extremely Rare/Niche)
Enantioselective Deep Eutectic Solvents in Targeted C-H Activation,Chemistry & Chemical Engineering / Catalysis & Kinetics,"### Overview
Exploits confined localized environments and tailored surface configurations to govern electronic pathways and spin states during chemical transformations.

### Why It Matters (Impact)
Enables highly selective chemical transformations with zero unwanted side-products, transforming industrial green chemistry standards.

### Mind-Blowing Fact
💡 Controlling the quantum spin polarization of electrons can increase chemical reaction efficiency by orders of magnitude without changing the temperature.",https://www.google.com/search?tbm=isch&q=Enantioselective+Deep+Eutectic+Solvents+in+Targeted+C-H+Activation,Moderate Popularity
Topology-optimized Boundary Layer Actuators for Soft Neuromorphic Robotics,Mechanical Engineering / Micro/Nano Electromechanical Systems (MEMS),"### Overview
Integrates responsive polymer matrices or flexible smart materials with tailored geometries to achieve autonomous actuation and sensory adaptation without external computing.

### Why It Matters (Impact)
Drastically reduces weight while boosting mechanical resilience and energy dissipation capabilities for next-generation systems.

### Mind-Blowing Fact
💡 By controlling atomic-level vibrations, these systems can guide thermal currents along specific paths, effectively making heat turn corners.",https://www.google.com/search?tbm=isch&q=Topology-optimized+Boundary+Layer+Actuators+for+Soft+Neuromorphic+Robotics,Low Popularity (Extremely Rare/Niche)
Bio-inspired Triboelectric Nanogenerators in Sub-Autonomous Deep-Sea Vehicles,Mechanical Engineering / Fluid Dynamics,"### Overview
Integrates responsive polymer matrices or flexible smart materials with tailored geometries to achieve autonomous actuation and sensory adaptation without external computing.

### Why It Matters (Impact)
Bypasses traditional mechanical failure and wear modes, offering unprecedented operational lifespans in harsh or inaccessible environments.

### Mind-Blowing Fact
💡 The localized structural response is so immediate that it mimics biological reflex loops, bypassing centralized electronic control delays entirely.",https://www.google.com/search?tbm=isch&q=Bio-inspired+Triboelectric+Nanogenerators+in+Sub-Autonomous+Deep-Sea+Vehicles,Low Popularity (Extremely Rare/Niche)
Mechanochemical Plasmonic Nanostructures for Solid-State Battery Stabilization,Chemistry & Chemical Engineering / Electrochemistry,"### Overview
Arranges molecular architectures or quantum states in highly coordinated geometric configurations to dramatically lower activation energy barriers.

### Why It Matters (Impact)
Drastically accelerates sluggish reaction rates under ambient, energy-efficient conditions, eliminating the need for fossil-fueled heating.

### Mind-Blowing Fact
💡 Controlling the quantum spin polarization of electrons can increase chemical reaction efficiency by orders of magnitude without changing the temperature.",https://www.google.com/search?tbm=isch&q=Mechanochemical+Plasmonic+Nanostructures+for+Solid-State+Battery+Stabilization,Low Popularity (Extremely Rare/Niche)
Cryogenic Viscoelastic Dampers in Sub-Autonomous Deep-Sea Vehicles,Mechanical Engineering / Solid Mechanics,"### Overview
Implements dynamic fluid-structure interactions or localized fields to control interfacial physics, thermal transport, or directional flow dynamics.

### Why It Matters (Impact)
Bypasses traditional mechanical failure and wear modes, offering unprecedented operational lifespans in harsh or inaccessible environments.

### Mind-Blowing Fact
💡 These configurations can demonstrate negative Poisson's ratios, meaning they expand sideways when stretched rather than getting thinner.",https://www.google.com/search?tbm=isch&q=Cryogenic+Viscoelastic+Dampers+in+Sub-Autonomous+Deep-Sea+Vehicles,Low Popularity (Extremely Rare/Niche)
Bio-inspired Viscoelastic Dampers in Sub-Autonomous Deep-Sea Vehicles,Mechanical Engineering / Thermodynamics,"### Overview
Implements dynamic fluid-structure interactions or localized fields to control interfacial physics, thermal transport, or directional flow dynamics.

### Why It Matters (Impact)
Bypasses traditional mechanical failure and wear modes, offering unprecedented operational lifespans in harsh or inaccessible environments.

### Mind-Blowing Fact
💡 The localized structural response is so immediate that it mimics biological reflex loops, bypassing centralized electronic control delays entirely.",https://www.google.com/search?tbm=isch&q=Bio-inspired+Viscoelastic+Dampers+in+Sub-Autonomous+Deep-Sea+Vehicles,Low Popularity (Extremely Rare/Niche)
Cryogenic Boundary Layer Actuators for Extreme Aerospace Environments,Mechanical Engineering / Fluid Dynamics,"### Overview
Integrates responsive polymer matrices or flexible smart materials with tailored geometries to achieve autonomous actuation and sensory adaptation without external computing.

### Why It Matters (Impact)
Provides ultra-precise regulation of fluid or thermal fluxes, enabling breakthrough performance in sub-micron computing and micro-propulsion.

### Mind-Blowing Fact
💡 The localized structural response is so immediate that it mimics biological reflex loops, bypassing centralized electronic control delays entirely.",https://www.google.com/search?tbm=isch&q=Cryogenic+Boundary+Layer+Actuators+for+Extreme+Aerospace+Environments,Low Popularity (Extremely Rare/Niche)
Self-healing Compliant Mechanisms in Sub-Autonomous Deep-Sea Vehicles,Mechanical Engineering / Solid Mechanics,"### Overview
Implements dynamic fluid-structure interactions or localized fields to control interfacial physics, thermal transport, or directional flow dynamics.

### Why It Matters (Impact)
Provides ultra-precise regulation of fluid or thermal fluxes, enabling breakthrough performance in sub-micron computing and micro-propulsion.

### Mind-Blowing Fact
💡 By controlling atomic-level vibrations, these systems can guide thermal currents along specific paths, effectively making heat turn corners.",https://www.google.com/search?tbm=isch&q=Self-healing+Compliant+Mechanisms+in+Sub-Autonomous+Deep-Sea+Vehicles,Moderate Popularity
Topology-optimized Capillary Interfaces for Adaptive Structural Shifting,Mechanical Engineering / Thermodynamics,"### Overview
Integrates responsive polymer matrices or flexible smart materials with tailored geometries to achieve autonomous actuation and sensory adaptation without external computing.

### Why It Matters (Impact)
Provides ultra-precise regulation of fluid or thermal fluxes, enabling breakthrough performance in sub-micron computing and micro-propulsion.

### Mind-Blowing Fact
💡 The localized structural response is so immediate that it mimics biological reflex loops, bypassing centralized electronic control delays entirely.",https://www.google.com/search?tbm=isch&q=Topology-optimized+Capillary+Interfaces+for+Adaptive+Structural+Shifting,Low Popularity (Extremely Rare/Niche)
Electrocatalytic Bio-mimetic Enzyme Mimics for High-Density Green Hydrogen Production,Chemistry & Chemical Engineering / Organic Synthesis,"### Overview
Utilizes alternative energy inputs like visible light, precise mechanical forces, or localized electric fields to bypass traditional thermodynamic constraints.

### Why It Matters (Impact)
Drastically accelerates sluggish reaction rates under ambient, energy-efficient conditions, eliminating the need for fossil-fueled heating.

### Mind-Blowing Fact
💡 Some of these catalysts can perform millions of complex molecular transformations before showing even a single atom of wear or degradation.",https://www.google.com/search?tbm=isch&q=Electrocatalytic+Bio-mimetic+Enzyme+Mimics+for+High-Density+Green+Hydrogen+Production,Moderate Popularity
Topology-optimized Compliant Mechanisms in Multi-Scale Energy Scavenging,Mechanical Engineering / Thermodynamics,"### Overview
Implements dynamic fluid-structure interactions or localized fields to control interfacial physics, thermal transport, or directional flow dynamics.

### Why It Matters (Impact)
Provides ultra-precise regulation of fluid or thermal fluxes, enabling breakthrough performance in sub-micron computing and micro-propulsion.

### Mind-Blowing Fact
💡 By controlling atomic-level vibrations, these systems can guide thermal currents along specific paths, effectively making heat turn corners.",https://www.google.com/search?tbm=isch&q=Topology-optimized+Compliant+Mechanisms+in+Multi-Scale+Energy+Scavenging,Low Popularity (Extremely Rare/Niche)
Solvent-free Transition Metal Complexes for Ultra-trace Explosive Detection,Chemistry & Chemical Engineering / Organic Synthesis,"### Overview
Utilizes alternative energy inputs like visible light, precise mechanical forces, or localized electric fields to bypass traditional thermodynamic constraints.

### Why It Matters (Impact)
Drastically accelerates sluggish reaction rates under ambient, energy-efficient conditions, eliminating the need for fossil-fueled heating.

### Mind-Blowing Fact
💡 Controlling the quantum spin polarization of electrons can increase chemical reaction efficiency by orders of magnitude without changing the temperature.",https://www.google.com/search?tbm=isch&q=Solvent-free+Transition+Metal+Complexes+for+Ultra-trace+Explosive+Detection,Moderate Popularity
Topology-optimized Viscoelastic Dampers in Multi-Scale Energy Scavenging,Mechanical Engineering / Fluid Dynamics,"### Overview
Integrates responsive polymer matrices or flexible smart materials with tailored geometries to achieve autonomous actuation and sensory adaptation without external computing.

### Why It Matters (Impact)
Provides ultra-precise regulation of fluid or thermal fluxes, enabling breakthrough performance in sub-micron computing and micro-propulsion.

### Mind-Blowing Fact
💡 These configurations can demonstrate negative Poisson's ratios, meaning they expand sideways when stretched rather than getting thinner.",https://www.google.com/search?tbm=isch&q=Topology-optimized+Viscoelastic+Dampers+in+Multi-Scale+Energy+Scavenging,Low Popularity (Extremely Rare/Niche)
Self-healing Viscoelastic Dampers in High-Flux Electronic Cooling,Mechanical Engineering / Solid Mechanics,"### Overview
Implements dynamic fluid-structure interactions or localized fields to control interfacial physics, thermal transport, or directional flow dynamics.

### Why It Matters (Impact)
Bypasses traditional mechanical failure and wear modes, offering unprecedented operational lifespans in harsh or inaccessible environments.

### Mind-Blowing Fact
💡 These configurations can demonstrate negative Poisson's ratios, meaning they expand sideways when stretched rather than getting thinner.",https://www.google.com/search?tbm=isch&q=Self-healing+Viscoelastic+Dampers+in+High-Flux+Electronic+Cooling,Moderate Popularity
Supramolecular Plasmonic Nanostructures for Ultra-trace Explosive Detection,Chemistry & Chemical Engineering / Electrochemistry,"### Overview
Arranges molecular architectures or quantum states in highly coordinated geometric configurations to dramatically lower activation energy barriers.

### Why It Matters (Impact)
Enables highly selective chemical transformations with zero unwanted side-products, transforming industrial green chemistry standards.

### Mind-Blowing Fact
💡 Some of these catalysts can perform millions of complex molecular transformations before showing even a single atom of wear or degradation.",https://www.google.com/search?tbm=isch&q=Supramolecular+Plasmonic+Nanostructures+for+Ultra-trace+Explosive+Detection,Moderate Popularity
Mechanochemical Bio-mimetic Enzyme Mimics in Chiral Pharmaceutical Separation,Chemistry & Chemical Engineering / Quantum Chemistry,"### Overview
Arranges molecular architectures or quantum states in highly coordinated geometric configurations to dramatically lower activation energy barriers.

### Why It Matters (Impact)
Unlocks access to previously unstable molecular geometries and material structures, paving the way for next-generation quantum devices.

### Mind-Blowing Fact
💡 By trapping reacting molecules in sub-nanometer cages, reactions that normally take days can be forced to occur in a fraction of a second.",https://www.google.com/search?tbm=isch&q=Mechanochemical+Bio-mimetic+Enzyme+Mimics+in+Chiral+Pharmaceutical+Separation,Moderate Popularity
Bio-inspired Microfluidic Channels for Micro-Vibration Isolation,Mechanical Engineering / Thermodynamics,"### Overview
Implements dynamic fluid-structure interactions or localized fields to control interfacial physics, thermal transport, or directional flow dynamics.

### Why It Matters (Impact)
Bypasses traditional mechanical failure and wear modes, offering unprecedented operational lifespans in harsh or inaccessible environments.

### Mind-Blowing Fact
💡 The localized structural response is so immediate that it mimics biological reflex loops, bypassing centralized electronic control delays entirely.",https://www.google.com/search?tbm=isch&q=Bio-inspired+Microfluidic+Channels+for+Micro-Vibration+Isolation,Low Popularity (Extremely Rare/Niche)
Asymmetric Compliant Mechanisms in Sub-Autonomous Deep-Sea Vehicles,Mechanical Engineering / Solid Mechanics,"### Overview
Implements dynamic fluid-structure interactions or localized fields to control interfacial physics, thermal transport, or directional flow dynamics.

### Why It Matters (Impact)
Bypasses traditional mechanical failure and wear modes, offering unprecedented operational lifespans in harsh or inaccessible environments.

### Mind-Blowing Fact
💡 The localized structural response is so immediate that it mimics biological reflex loops, bypassing centralized electronic control delays entirely.",https://www.google.com/search?tbm=isch&q=Asymmetric+Compliant+Mechanisms+in+Sub-Autonomous+Deep-Sea+Vehicles,Low Popularity (Extremely Rare/Niche)
Electro-hydrodynamic Metamaterial Lattices for Soft Neuromorphic Robotics,Mechanical Engineering / Fluid Dynamics,"### Overview
Utilizes advanced architectural configuration at micro or nano scales to manipulate structural mechanics and wave propagation properties beyond conventional material limits.

### Why It Matters (Impact)
Bypasses traditional mechanical failure and wear modes, offering unprecedented operational lifespans in harsh or inaccessible environments.

### Mind-Blowing Fact
💡 These configurations can demonstrate negative Poisson's ratios, meaning they expand sideways when stretched rather than getting thinner.",https://www.google.com/search?tbm=isch&q=Electro-hydrodynamic+Metamaterial+Lattices+for+Soft+Neuromorphic+Robotics,Moderate Popularity
Asymmetric Metamaterial Lattices for Micro-Vibration Isolation,Mechanical Engineering / Solid Mechanics,"### Overview
Implements dynamic fluid-structure interactions or localized fields to control interfacial physics, thermal transport, or directional flow dynamics.

### Why It Matters (Impact)
Provides ultra-precise regulation of fluid or thermal fluxes, enabling breakthrough performance in sub-micron computing and micro-propulsion.

### Mind-Blowing Fact
💡 By controlling atomic-level vibrations, these systems can guide thermal currents along specific paths, effectively making heat turn corners.",https://www.google.com/search?tbm=isch&q=Asymmetric+Metamaterial+Lattices+for+Micro-Vibration+Isolation,Moderate Popularity
Enantioselective Bimetallic Nanoclusters for Precision Carbon Capture,Chemistry & Chemical Engineering / Electrochemistry,"### Overview
Exploits confined localized environments and tailored surface configurations to govern electronic pathways and spin states during chemical transformations.

### Why It Matters (Impact)
Drastically accelerates sluggish reaction rates under ambient, energy-efficient conditions, eliminating the need for fossil-fueled heating.

### Mind-Blowing Fact
💡 Some of these catalysts can perform millions of complex molecular transformations before showing even a single atom of wear or degradation.",https://www.google.com/search?tbm=isch&q=Enantioselective+Bimetallic+Nanoclusters+for+Precision+Carbon+Capture,Moderate Popularity
Anisotropic Phononic Crystals in Sub-Autonomous Deep-Sea Vehicles,Mechanical Engineering / Micro/Nano Electromechanical Systems (MEMS),"### Overview
Utilizes advanced architectural configuration at micro or nano scales to manipulate structural mechanics and wave propagation properties beyond conventional material limits.

### Why It Matters (Impact)
Drastically reduces weight while boosting mechanical resilience and energy dissipation capabilities for next-generation systems.

### Mind-Blowing Fact
💡 By controlling atomic-level vibrations, these systems can guide thermal currents along specific paths, effectively making heat turn corners.",https://www.google.com/search?tbm=isch&q=Anisotropic+Phononic+Crystals+in+Sub-Autonomous+Deep-Sea+Vehicles,Moderate Popularity
Non-linear Triboelectric Nanogenerators for Adaptive Structural Shifting,Mechanical Engineering / Solid Mechanics,"### Overview
Utilizes advanced architectural configuration at micro or nano scales to manipulate structural mechanics and wave propagation properties beyond conventional material limits.

### Why It Matters (Impact)
Drastically reduces weight while boosting mechanical resilience and energy dissipation capabilities for next-generation systems.

### Mind-Blowing Fact
💡 The localized structural response is so immediate that it mimics biological reflex loops, bypassing centralized electronic control delays entirely.",https://www.google.com/search?tbm=isch&q=Non-linear+Triboelectric+Nanogenerators+for+Adaptive+Structural+Shifting,Moderate Popularity
Single-atom Transition Metal Complexes for High-Density Green Hydrogen Production,Chemistry & Chemical Engineering / Electrochemistry,"### Overview
Arranges molecular architectures or quantum states in highly coordinated geometric configurations to dramatically lower activation energy barriers.

### Why It Matters (Impact)
Drastically accelerates sluggish reaction rates under ambient, energy-efficient conditions, eliminating the need for fossil-fueled heating.

### Mind-Blowing Fact
💡 Controlling the quantum spin polarization of electrons can increase chemical reaction efficiency by orders of magnitude without changing the temperature.",https://www.google.com/search?tbm=isch&q=Single-atom+Transition+Metal+Complexes+for+High-Density+Green+Hydrogen+Production,Low Popularity (Extremely Rare/Niche)
Mechanochemical Micro-flow Reactor Systems for High-Density Green Hydrogen Production,Chemistry & Chemical Engineering / Quantum Chemistry,"### Overview
Arranges molecular architectures or quantum states in highly coordinated geometric configurations to dramatically lower activation energy barriers.

### Why It Matters (Impact)
Drastically accelerates sluggish reaction rates under ambient, energy-efficient conditions, eliminating the need for fossil-fueled heating.

### Mind-Blowing Fact
💡 Controlling the quantum spin polarization of electrons can increase chemical reaction efficiency by orders of magnitude without changing the temperature.",https://www.google.com/search?tbm=isch&q=Mechanochemical+Micro-flow+Reactor+Systems+for+High-Density+Green+Hydrogen+Production,Low Popularity (Extremely Rare/Niche)
Supracritical Quantum Embedding Interfaces for High-Density Green Hydrogen Production,Chemistry & Chemical Engineering / Electrochemistry,"### Overview
Arranges molecular architectures or quantum states in highly coordinated geometric configurations to dramatically lower activation energy barriers.

### Why It Matters (Impact)
Enables highly selective chemical transformations with zero unwanted side-products, transforming industrial green chemistry standards.

### Mind-Blowing Fact
💡 Some of these catalysts can perform millions of complex molecular transformations before showing even a single atom of wear or degradation.",https://www.google.com/search?tbm=isch&q=Supracritical+Quantum+Embedding+Interfaces+for+High-Density+Green+Hydrogen+Production,Moderate Popularity
Electro-hydrodynamic Triboelectric Nanogenerators for Adaptive Structural Shifting,Mechanical Engineering / Solid Mechanics,"### Overview
Integrates responsive polymer matrices or flexible smart materials with tailored geometries to achieve autonomous actuation and sensory adaptation without external computing.

### Why It Matters (Impact)
Bypasses traditional mechanical failure and wear modes, offering unprecedented operational lifespans in harsh or inaccessible environments.

### Mind-Blowing Fact
💡 By controlling atomic-level vibrations, these systems can guide thermal currents along specific paths, effectively making heat turn corners.",https://www.google.com/search?tbm=isch&q=Electro-hydrodynamic+Triboelectric+Nanogenerators+for+Adaptive+Structural+Shifting,Moderate Popularity
Chiral-induced Covalent Organic Frameworks (COFs) for High-Density Green Hydrogen Production,Chemistry & Chemical Engineering / Catalysis & Kinetics,"### Overview
Exploits confined localized environments and tailored surface configurations to govern electronic pathways and spin states during chemical transformations.

### Why It Matters (Impact)
Drastically accelerates sluggish reaction rates under ambient, energy-efficient conditions, eliminating the need for fossil-fueled heating.

### Mind-Blowing Fact
💡 By trapping reacting molecules in sub-nanometer cages, reactions that normally take days can be forced to occur in a fraction of a second.",https://www.google.com/search?tbm=isch&q=Chiral-induced+Covalent+Organic+Frameworks+%28COFs%29+for+High-Density+Green+Hydrogen+Production,Low Popularity (Extremely Rare/Niche)
Anisotropic Triboelectric Nanogenerators for Soft Neuromorphic Robotics,Mechanical Engineering / Micro/Nano Electromechanical Systems (MEMS),"### Overview
Integrates responsive polymer matrices or flexible smart materials with tailored geometries to achieve autonomous actuation and sensory adaptation without external computing.

### Why It Matters (Impact)
Provides ultra-precise regulation of fluid or thermal fluxes, enabling breakthrough performance in sub-micron computing and micro-propulsion.

### Mind-Blowing Fact
💡 The localized structural response is so immediate that it mimics biological reflex loops, bypassing centralized electronic control delays entirely.",https://www.google.com/search?tbm=isch&q=Anisotropic+Triboelectric+Nanogenerators+for+Soft+Neuromorphic+Robotics,Moderate Popularity
Supracritical Micro-flow Reactor Systems for Ultra-trace Explosive Detection,Chemistry & Chemical Engineering / Organic Synthesis,"### Overview
Arranges molecular architectures or quantum states in highly coordinated geometric configurations to dramatically lower activation energy barriers.

### Why It Matters (Impact)
Unlocks access to previously unstable molecular geometries and material structures, paving the way for next-generation quantum devices.

### Mind-Blowing Fact
💡 Some of these catalysts can perform millions of complex molecular transformations before showing even a single atom of wear or degradation.",https://www.google.com/search?tbm=isch&q=Supracritical+Micro-flow+Reactor+Systems+for+Ultra-trace+Explosive+Detection,Moderate Popularity
Cryogenic Soft Robotic Actuators for Adaptive Structural Shifting,Mechanical Engineering / Fluid Dynamics,"### Overview
Utilizes advanced architectural configuration at micro or nano scales to manipulate structural mechanics and wave propagation properties beyond conventional material limits.

### Why It Matters (Impact)
Drastically reduces weight while boosting mechanical resilience and energy dissipation capabilities for next-generation systems.

### Mind-Blowing Fact
💡 By controlling atomic-level vibrations, these systems can guide thermal currents along specific paths, effectively making heat turn corners.",https://www.google.com/search?tbm=isch&q=Cryogenic+Soft+Robotic+Actuators+for+Adaptive+Structural+Shifting,Low Popularity (Extremely Rare/Niche)
Bio-inspired Metamaterial Lattices for Soft Neuromorphic Robotics,Mechanical Engineering / Thermodynamics,"### Overview
Integrates responsive polymer matrices or flexible smart materials with tailored geometries to achieve autonomous actuation and sensory adaptation without external computing.

### Why It Matters (Impact)
Bypasses traditional mechanical failure and wear modes, offering unprecedented operational lifespans in harsh or inaccessible environments.

### Mind-Blowing Fact
💡 By controlling atomic-level vibrations, these systems can guide thermal currents along specific paths, effectively making heat turn corners.",https://www.google.com/search?tbm=isch&q=Bio-inspired+Metamaterial+Lattices+for+Soft+Neuromorphic+Robotics,Low Popularity (Extremely Rare/Niche)
Self-healing Soft Robotic Actuators for Adaptive Structural Shifting,Mechanical Engineering / Solid Mechanics,"### Overview
Utilizes advanced architectural configuration at micro or nano scales to manipulate structural mechanics and wave propagation properties beyond conventional material limits.

### Why It Matters (Impact)
Provides ultra-precise regulation of fluid or thermal fluxes, enabling breakthrough performance in sub-micron computing and micro-propulsion.

### Mind-Blowing Fact
💡 By controlling atomic-level vibrations, these systems can guide thermal currents along specific paths, effectively making heat turn corners.",https://www.google.com/search?tbm=isch&q=Self-healing+Soft+Robotic+Actuators+for+Adaptive+Structural+Shifting,Low Popularity (Extremely Rare/Niche)
Asymmetric Phononic Crystals in Multi-Scale Energy Scavenging,Mechanical Engineering / Robotics & Control,"### Overview
Implements dynamic fluid-structure interactions or localized fields to control interfacial physics, thermal transport, or directional flow dynamics.

### Why It Matters (Impact)
Drastically reduces weight while boosting mechanical resilience and energy dissipation capabilities for next-generation systems.

### Mind-Blowing Fact
💡 The localized structural response is so immediate that it mimics biological reflex loops, bypassing centralized electronic control delays entirely.",https://www.google.com/search?tbm=isch&q=Asymmetric+Phononic+Crystals+in+Multi-Scale+Energy+Scavenging,Moderate Popularity
Mechanochemical Covalent Organic Frameworks (COFs) in Chiral Pharmaceutical Separation,Chemistry & Chemical Engineering / Catalysis & Kinetics,"### Overview
Exploits confined localized environments and tailored surface configurations to govern electronic pathways and spin states during chemical transformations.

### Why It Matters (Impact)
Drastically accelerates sluggish reaction rates under ambient, energy-efficient conditions, eliminating the need for fossil-fueled heating.

### Mind-Blowing Fact
💡 Some of these catalysts can perform millions of complex molecular transformations before showing even a single atom of wear or degradation.",https://www.google.com/search?tbm=isch&q=Mechanochemical+Covalent+Organic+Frameworks+%28COFs%29+in+Chiral+Pharmaceutical+Separation,Low Popularity (Extremely Rare/Niche)
Photoredox-driven Transition Metal Complexes in Chiral Pharmaceutical Separation,Chemistry & Chemical Engineering / Electrochemistry,"### Overview
Arranges molecular architectures or quantum states in highly coordinated geometric configurations to dramatically lower activation energy barriers.

### Why It Matters (Impact)
Drastically accelerates sluggish reaction rates under ambient, energy-efficient conditions, eliminating the need for fossil-fueled heating.

### Mind-Blowing Fact
💡 Controlling the quantum spin polarization of electrons can increase chemical reaction efficiency by orders of magnitude without changing the temperature.",https://www.google.com/search?tbm=isch&q=Photoredox-driven+Transition+Metal+Complexes+in+Chiral+Pharmaceutical+Separation,Low Popularity (Extremely Rare/Niche)
Single-atom Spin-polarized Catalysts in Renewable Biomass Upcycling,Chemistry & Chemical Engineering / Quantum Chemistry,"### Overview
Arranges molecular architectures or quantum states in highly coordinated geometric configurations to dramatically lower activation energy barriers.

### Why It Matters (Impact)
Unlocks access to previously unstable molecular geometries and material structures, paving the way for next-generation quantum devices.

### Mind-Blowing Fact
💡 Some of these catalysts can perform millions of complex molecular transformations before showing even a single atom of wear or degradation.",https://www.google.com/search?tbm=isch&q=Single-atom+Spin-polarized+Catalysts+in+Renewable+Biomass+Upcycling,Low Popularity (Extremely Rare/Niche)
Anisotropic Boundary Layer Actuators for Soft Neuromorphic Robotics,Mechanical Engineering / Thermodynamics,"### Overview
Utilizes advanced architectural configuration at micro or nano scales to manipulate structural mechanics and wave propagation properties beyond conventional material limits.

### Why It Matters (Impact)
Provides ultra-precise regulation of fluid or thermal fluxes, enabling breakthrough performance in sub-micron computing and micro-propulsion.

### Mind-Blowing Fact
💡 These configurations can demonstrate negative Poisson's ratios, meaning they expand sideways when stretched rather than getting thinner.",https://www.google.com/search?tbm=isch&q=Anisotropic+Boundary+Layer+Actuators+for+Soft+Neuromorphic+Robotics,Low Popularity (Extremely Rare/Niche)
Non-linear Thermoelectric Harvesters for Extreme Aerospace Environments,Mechanical Engineering / Thermodynamics,"### Overview
Integrates responsive polymer matrices or flexible smart materials with tailored geometries to achieve autonomous actuation and sensory adaptation without external computing.

### Why It Matters (Impact)
Bypasses traditional mechanical failure and wear modes, offering unprecedented operational lifespans in harsh or inaccessible environments.

### Mind-Blowing Fact
💡 The localized structural response is so immediate that it mimics biological reflex loops, bypassing centralized electronic control delays entirely.",https://www.google.com/search?tbm=isch&q=Non-linear+Thermoelectric+Harvesters+for+Extreme+Aerospace+Environments,Moderate Popularity
Solvent-free Covalent Organic Frameworks (COFs) for Ultra-trace Explosive Detection,Chemistry & Chemical Engineering / Quantum Chemistry,"### Overview
Utilizes alternative energy inputs like visible light, precise mechanical forces, or localized electric fields to bypass traditional thermodynamic constraints.

### Why It Matters (Impact)
Drastically accelerates sluggish reaction rates under ambient, energy-efficient conditions, eliminating the need for fossil-fueled heating.

### Mind-Blowing Fact
💡 Some of these catalysts can perform millions of complex molecular transformations before showing even a single atom of wear or degradation.",https://www.google.com/search?tbm=isch&q=Solvent-free+Covalent+Organic+Frameworks+%28COFs%29+for+Ultra-trace+Explosive+Detection,Moderate Popularity
Non-linear Thermoelectric Harvesters for High-Precision Vascular Navigation,Mechanical Engineering / Fluid Dynamics,"### Overview
Integrates responsive polymer matrices or flexible smart materials with tailored geometries to achieve autonomous actuation and sensory adaptation without external computing.

### Why It Matters (Impact)
Provides ultra-precise regulation of fluid or thermal fluxes, enabling breakthrough performance in sub-micron computing and micro-propulsion.

### Mind-Blowing Fact
💡 By controlling atomic-level vibrations, these systems can guide thermal currents along specific paths, effectively making heat turn corners.",https://www.google.com/search?tbm=isch&q=Non-linear+Thermoelectric+Harvesters+for+High-Precision+Vascular+Navigation,Moderate Popularity
Mechanochemical Deep Eutectic Solvents in Renewable Biomass Upcycling,Chemistry & Chemical Engineering / Electrochemistry,"### Overview
Arranges molecular architectures or quantum states in highly coordinated geometric configurations to dramatically lower activation energy barriers.

### Why It Matters (Impact)
Enables highly selective chemical transformations with zero unwanted side-products, transforming industrial green chemistry standards.

### Mind-Blowing Fact
💡 Controlling the quantum spin polarization of electrons can increase chemical reaction efficiency by orders of magnitude without changing the temperature.",https://www.google.com/search?tbm=isch&q=Mechanochemical+Deep+Eutectic+Solvents+in+Renewable+Biomass+Upcycling,Low Popularity (Extremely Rare/Niche)
Heterogeneous Bimetallic Nanoclusters in Chiral Pharmaceutical Separation,Chemistry & Chemical Engineering / Surface & Interfacial Chemistry,"### Overview
Utilizes alternative energy inputs like visible light, precise mechanical forces, or localized electric fields to bypass traditional thermodynamic constraints.

### Why It Matters (Impact)
Unlocks access to previously unstable molecular geometries and material structures, paving the way for next-generation quantum devices.

### Mind-Blowing Fact
💡 Controlling the quantum spin polarization of electrons can increase chemical reaction efficiency by orders of magnitude without changing the temperature.",https://www.google.com/search?tbm=isch&q=Heterogeneous+Bimetallic+Nanoclusters+in+Chiral+Pharmaceutical+Separation,Low Popularity (Extremely Rare/Niche)
Cryogenic Capillary Interfaces for High-Precision Vascular Navigation,Mechanical Engineering / Fluid Dynamics,"### Overview
Integrates responsive polymer matrices or flexible smart materials with tailored geometries to achieve autonomous actuation and sensory adaptation without external computing.

### Why It Matters (Impact)
Drastically reduces weight while boosting mechanical resilience and energy dissipation capabilities for next-generation systems.

### Mind-Blowing Fact
💡 By controlling atomic-level vibrations, these systems can guide thermal currents along specific paths, effectively making heat turn corners.",https://www.google.com/search?tbm=isch&q=Cryogenic+Capillary+Interfaces+for+High-Precision+Vascular+Navigation,Low Popularity (Extremely Rare/Niche)
Electrocatalytic Quantum Embedding Interfaces for Precision Carbon Capture,Chemistry & Chemical Engineering / Surface & Interfacial Chemistry,"### Overview
Utilizes alternative energy inputs like visible light, precise mechanical forces, or localized electric fields to bypass traditional thermodynamic constraints.

### Why It Matters (Impact)
Enables highly selective chemical transformations with zero unwanted side-products, transforming industrial green chemistry standards.

### Mind-Blowing Fact
💡 By trapping reacting molecules in sub-nanometer cages, reactions that normally take days can be forced to occur in a fraction of a second.",https://www.google.com/search?tbm=isch&q=Electrocatalytic+Quantum+Embedding+Interfaces+for+Precision+Carbon+Capture,Low Popularity (Extremely Rare/Niche)
Asymmetric Boundary Layer Actuators in Sub-Autonomous Deep-Sea Vehicles,Mechanical Engineering / Solid Mechanics,"### Overview
Utilizes advanced architectural configuration at micro or nano scales to manipulate structural mechanics and wave propagation properties beyond conventional material limits.

### Why It Matters (Impact)
Provides ultra-precise regulation of fluid or thermal fluxes, enabling breakthrough performance in sub-micron computing and micro-propulsion.

### Mind-Blowing Fact
💡 The localized structural response is so immediate that it mimics biological reflex loops, bypassing centralized electronic control delays entirely.",https://www.google.com/search?tbm=isch&q=Asymmetric+Boundary+Layer+Actuators+in+Sub-Autonomous+Deep-Sea+Vehicles,Low Popularity (Extremely Rare/Niche)
Bio-inspired Boundary Layer Actuators for Extreme Aerospace Environments,Mechanical Engineering / Solid Mechanics,"### Overview
Implements dynamic fluid-structure interactions or localized fields to control interfacial physics, thermal transport, or directional flow dynamics.

### Why It Matters (Impact)
Provides ultra-precise regulation of fluid or thermal fluxes, enabling breakthrough performance in sub-micron computing and micro-propulsion.

### Mind-Blowing Fact
💡 These configurations can demonstrate negative Poisson's ratios, meaning they expand sideways when stretched rather than getting thinner.",https://www.google.com/search?tbm=isch&q=Bio-inspired+Boundary+Layer+Actuators+for+Extreme+Aerospace+Environments,Moderate Popularity
Solvent-free Deep Eutectic Solvents for Precision Carbon Capture,Chemistry & Chemical Engineering / Organic Synthesis,"### Overview
Exploits confined localized environments and tailored surface configurations to govern electronic pathways and spin states during chemical transformations.

### Why It Matters (Impact)
Drastically accelerates sluggish reaction rates under ambient, energy-efficient conditions, eliminating the need for fossil-fueled heating.

### Mind-Blowing Fact
💡 Controlling the quantum spin polarization of electrons can increase chemical reaction efficiency by orders of magnitude without changing the temperature.",https://www.google.com/search?tbm=isch&q=Solvent-free+Deep+Eutectic+Solvents+for+Precision+Carbon+Capture,Low Popularity (Extremely Rare/Niche)
Self-healing Microfluidic Channels for Micro-Vibration Isolation,Mechanical Engineering / Thermodynamics,"### Overview
Utilizes advanced architectural configuration at micro or nano scales to manipulate structural mechanics and wave propagation properties beyond conventional material limits.

### Why It Matters (Impact)
Drastically reduces weight while boosting mechanical resilience and energy dissipation capabilities for next-generation systems.

### Mind-Blowing Fact
💡 The localized structural response is so immediate that it mimics biological reflex loops, bypassing centralized electronic control delays entirely.",https://www.google.com/search?tbm=isch&q=Self-healing+Microfluidic+Channels+for+Micro-Vibration+Isolation,Moderate Popularity
Supramolecular Deep Eutectic Solvents for Solid-State Battery Stabilization,Chemistry & Chemical Engineering / Quantum Chemistry,"### Overview
Arranges molecular architectures or quantum states in highly coordinated geometric configurations to dramatically lower activation energy barriers.

### Why It Matters (Impact)
Enables highly selective chemical transformations with zero unwanted side-products, transforming industrial green chemistry standards.

### Mind-Blowing Fact
💡 Some of these catalysts can perform millions of complex molecular transformations before showing even a single atom of wear or degradation.",https://www.google.com/search?tbm=isch&q=Supramolecular+Deep+Eutectic+Solvents+for+Solid-State+Battery+Stabilization,Low Popularity (Extremely Rare/Niche)
Self-healing Microfluidic Channels for Extreme Aerospace Environments,Mechanical Engineering / Thermodynamics,"### Overview
Utilizes advanced architectural configuration at micro or nano scales to manipulate structural mechanics and wave propagation properties beyond conventional material limits.

### Why It Matters (Impact)
Provides ultra-precise regulation of fluid or thermal fluxes, enabling breakthrough performance in sub-micron computing and micro-propulsion.

### Mind-Blowing Fact
💡 The localized structural response is so immediate that it mimics biological reflex loops, bypassing centralized electronic control delays entirely.",https://www.google.com/search?tbm=isch&q=Self-healing+Microfluidic+Channels+for+Extreme+Aerospace+Environments,Moderate Popularity
Cryogenic Boundary Layer Actuators in High-Flux Electronic Cooling,Mechanical Engineering / Thermodynamics,"### Overview
Integrates responsive polymer matrices or flexible smart materials with tailored geometries to achieve autonomous actuation and sensory adaptation without external computing.

### Why It Matters (Impact)
Drastically reduces weight while boosting mechanical resilience and energy dissipation capabilities for next-generation systems.

### Mind-Blowing Fact
💡 The localized structural response is so immediate that it mimics biological reflex loops, bypassing centralized electronic control delays entirely.",https://www.google.com/search?tbm=isch&q=Cryogenic+Boundary+Layer+Actuators+in+High-Flux+Electronic+Cooling,Moderate Popularity
Solvent-free Quantum Embedding Interfaces in Targeted C-H Activation,Chemistry & Chemical Engineering / Surface & Interfacial Chemistry,"### Overview
Exploits confined localized environments and tailored surface configurations to govern electronic pathways and spin states during chemical transformations.

### Why It Matters (Impact)
Enables highly selective chemical transformations with zero unwanted side-products, transforming industrial green chemistry standards.

### Mind-Blowing Fact
💡 By trapping reacting molecules in sub-nanometer cages, reactions that normally take days can be forced to occur in a fraction of a second.",https://www.google.com/search?tbm=isch&q=Solvent-free+Quantum+Embedding+Interfaces+in+Targeted+C-H+Activation,Low Popularity (Extremely Rare/Niche)
Electrocatalytic Bimetallic Nanoclusters in Renewable Biomass Upcycling,Chemistry & Chemical Engineering / Catalysis & Kinetics,"### Overview
Utilizes alternative energy inputs like visible light, precise mechanical forces, or localized electric fields to bypass traditional thermodynamic constraints.

### Why It Matters (Impact)
Unlocks access to previously unstable molecular geometries and material structures, paving the way for next-generation quantum devices.

### Mind-Blowing Fact
💡 By trapping reacting molecules in sub-nanometer cages, reactions that normally take days can be forced to occur in a fraction of a second.",https://www.google.com/search?tbm=isch&q=Electrocatalytic+Bimetallic+Nanoclusters+in+Renewable+Biomass+Upcycling,Moderate Popularity
Heterogeneous Solid-State Electrolyte Interphases in Chiral Pharmaceutical Separation,Chemistry & Chemical Engineering / Electrochemistry,"### Overview
Arranges molecular architectures or quantum states in highly coordinated geometric configurations to dramatically lower activation energy barriers.

### Why It Matters (Impact)
Unlocks access to previously unstable molecular geometries and material structures, paving the way for next-generation quantum devices.

### Mind-Blowing Fact
💡 Controlling the quantum spin polarization of electrons can increase chemical reaction efficiency by orders of magnitude without changing the temperature.",https://www.google.com/search?tbm=isch&q=Heterogeneous+Solid-State+Electrolyte+Interphases+in+Chiral+Pharmaceutical+Separation,Low Popularity (Extremely Rare/Niche)
Bio-inspired Capillary Interfaces in Sub-Autonomous Deep-Sea Vehicles,Mechanical Engineering / Robotics & Control,"### Overview
Utilizes advanced architectural configuration at micro or nano scales to manipulate structural mechanics and wave propagation properties beyond conventional material limits.

### Why It Matters (Impact)
Bypasses traditional mechanical failure and wear modes, offering unprecedented operational lifespans in harsh or inaccessible environments.

### Mind-Blowing Fact
💡 By controlling atomic-level vibrations, these systems can guide thermal currents along specific paths, effectively making heat turn corners.",https://www.google.com/search?tbm=isch&q=Bio-inspired+Capillary+Interfaces+in+Sub-Autonomous+Deep-Sea+Vehicles,Low Popularity (Extremely Rare/Niche)
Electrocatalytic Bimetallic Nanoclusters in Non-Equilibrium Chemical Systems,Chemistry & Chemical Engineering / Quantum Chemistry,"### Overview
Utilizes alternative energy inputs like visible light, precise mechanical forces, or localized electric fields to bypass traditional thermodynamic constraints.

### Why It Matters (Impact)
Enables highly selective chemical transformations with zero unwanted side-products, transforming industrial green chemistry standards.

### Mind-Blowing Fact
💡 By trapping reacting molecules in sub-nanometer cages, reactions that normally take days can be forced to occur in a fraction of a second.",https://www.google.com/search?tbm=isch&q=Electrocatalytic+Bimetallic+Nanoclusters+in+Non-Equilibrium+Chemical+Systems,Moderate Popularity
Topology-optimized Boundary Layer Actuators in Multi-Scale Energy Scavenging,Mechanical Engineering / Solid Mechanics,"### Overview
Utilizes advanced architectural configuration at micro or nano scales to manipulate structural mechanics and wave propagation properties beyond conventional material limits.

### Why It Matters (Impact)
Drastically reduces weight while boosting mechanical resilience and energy dissipation capabilities for next-generation systems.

### Mind-Blowing Fact
💡 The localized structural response is so immediate that it mimics biological reflex loops, bypassing centralized electronic control delays entirely.",https://www.google.com/search?tbm=isch&q=Topology-optimized+Boundary+Layer+Actuators+in+Multi-Scale+Energy+Scavenging,Low Popularity (Extremely Rare/Niche)
Asymmetric Soft Robotic Actuators for High-Precision Vascular Navigation,Mechanical Engineering / Fluid Dynamics,"### Overview
Utilizes advanced architectural configuration at micro or nano scales to manipulate structural mechanics and wave propagation properties beyond conventional material limits.

### Why It Matters (Impact)
Drastically reduces weight while boosting mechanical resilience and energy dissipation capabilities for next-generation systems.

### Mind-Blowing Fact
💡 These configurations can demonstrate negative Poisson's ratios, meaning they expand sideways when stretched rather than getting thinner.",https://www.google.com/search?tbm=isch&q=Asymmetric+Soft+Robotic+Actuators+for+High-Precision+Vascular+Navigation,Moderate Popularity
Cryogenic Phononic Crystals for Soft Neuromorphic Robotics,Mechanical Engineering / Thermodynamics,"### Overview
Implements dynamic fluid-structure interactions or localized fields to control interfacial physics, thermal transport, or directional flow dynamics.

### Why It Matters (Impact)
Provides ultra-precise regulation of fluid or thermal fluxes, enabling breakthrough performance in sub-micron computing and micro-propulsion.

### Mind-Blowing Fact
💡 By controlling atomic-level vibrations, these systems can guide thermal currents along specific paths, effectively making heat turn corners.",https://www.google.com/search?tbm=isch&q=Cryogenic+Phononic+Crystals+for+Soft+Neuromorphic+Robotics,Low Popularity (Extremely Rare/Niche)
Mechanochemical Covalent Organic Frameworks (COFs) for Ultra-trace Explosive Detection,Chemistry & Chemical Engineering / Electrochemistry,"### Overview
Utilizes alternative energy inputs like visible light, precise mechanical forces, or localized electric fields to bypass traditional thermodynamic constraints.

### Why It Matters (Impact)
Enables highly selective chemical transformations with zero unwanted side-products, transforming industrial green chemistry standards.

### Mind-Blowing Fact
💡 Some of these catalysts can perform millions of complex molecular transformations before showing even a single atom of wear or degradation.",https://www.google.com/search?tbm=isch&q=Mechanochemical+Covalent+Organic+Frameworks+%28COFs%29+for+Ultra-trace+Explosive+Detection,Moderate Popularity
Asymmetric Phononic Crystals for High-Precision Vascular Navigation,Mechanical Engineering / Micro/Nano Electromechanical Systems (MEMS),"### Overview
Integrates responsive polymer matrices or flexible smart materials with tailored geometries to achieve autonomous actuation and sensory adaptation without external computing.

### Why It Matters (Impact)
Drastically reduces weight while boosting mechanical resilience and energy dissipation capabilities for next-generation systems.

### Mind-Blowing Fact
💡 By controlling atomic-level vibrations, these systems can guide thermal currents along specific paths, effectively making heat turn corners.",https://www.google.com/search?tbm=isch&q=Asymmetric+Phononic+Crystals+for+High-Precision+Vascular+Navigation,Low Popularity (Extremely Rare/Niche)
Self-healing Thermoelectric Harvesters in Multi-Scale Energy Scavenging,Mechanical Engineering / Thermodynamics,"### Overview
Integrates responsive polymer matrices or flexible smart materials with tailored geometries to achieve autonomous actuation and sensory adaptation without external computing.

### Why It Matters (Impact)
Drastically reduces weight while boosting mechanical resilience and energy dissipation capabilities for next-generation systems.

### Mind-Blowing Fact
💡 By controlling atomic-level vibrations, these systems can guide thermal currents along specific paths, effectively making heat turn corners.",https://www.google.com/search?tbm=isch&q=Self-healing+Thermoelectric+Harvesters+in+Multi-Scale+Energy+Scavenging,Moderate Popularity
Magneto-rheological Metamaterial Lattices in High-Flux Electronic Cooling,Mechanical Engineering / Thermodynamics,"### Overview
Utilizes advanced architectural configuration at micro or nano scales to manipulate structural mechanics and wave propagation properties beyond conventional material limits.

### Why It Matters (Impact)
Drastically reduces weight while boosting mechanical resilience and energy dissipation capabilities for next-generation systems.

### Mind-Blowing Fact
💡 These configurations can demonstrate negative Poisson's ratios, meaning they expand sideways when stretched rather than getting thinner.",https://www.google.com/search?tbm=isch&q=Magneto-rheological+Metamaterial+Lattices+in+High-Flux+Electronic+Cooling,Low Popularity (Extremely Rare/Niche)
Topology-optimized Viscoelastic Dampers for Soft Neuromorphic Robotics,Mechanical Engineering / Thermodynamics,"### Overview
Implements dynamic fluid-structure interactions or localized fields to control interfacial physics, thermal transport, or directional flow dynamics.

### Why It Matters (Impact)
Bypasses traditional mechanical failure and wear modes, offering unprecedented operational lifespans in harsh or inaccessible environments.

### Mind-Blowing Fact
💡 The localized structural response is so immediate that it mimics biological reflex loops, bypassing centralized electronic control delays entirely.",https://www.google.com/search?tbm=isch&q=Topology-optimized+Viscoelastic+Dampers+for+Soft+Neuromorphic+Robotics,Moderate Popularity
Topology-optimized Triboelectric Nanogenerators in Sub-Autonomous Deep-Sea Vehicles,Mechanical Engineering / Fluid Dynamics,"### Overview
Utilizes advanced architectural configuration at micro or nano scales to manipulate structural mechanics and wave propagation properties beyond conventional material limits.

### Why It Matters (Impact)
Drastically reduces weight while boosting mechanical resilience and energy dissipation capabilities for next-generation systems.

### Mind-Blowing Fact
💡 These configurations can demonstrate negative Poisson's ratios, meaning they expand sideways when stretched rather than getting thinner.",https://www.google.com/search?tbm=isch&q=Topology-optimized+Triboelectric+Nanogenerators+in+Sub-Autonomous+Deep-Sea+Vehicles,Moderate Popularity
Photoredox-driven Deep Eutectic Solvents in Targeted C-H Activation,Chemistry & Chemical Engineering / Surface & Interfacial Chemistry,"### Overview
Exploits confined localized environments and tailored surface configurations to govern electronic pathways and spin states during chemical transformations.

### Why It Matters (Impact)
Enables highly selective chemical transformations with zero unwanted side-products, transforming industrial green chemistry standards.

### Mind-Blowing Fact
💡 By trapping reacting molecules in sub-nanometer cages, reactions that normally take days can be forced to occur in a fraction of a second.",https://www.google.com/search?tbm=isch&q=Photoredox-driven+Deep+Eutectic+Solvents+in+Targeted+C-H+Activation,Low Popularity (Extremely Rare/Niche)
Enantioselective Bimetallic Nanoclusters in Targeted C-H Activation,Chemistry & Chemical Engineering / Catalysis & Kinetics,"### Overview
Exploits confined localized environments and tailored surface configurations to govern electronic pathways and spin states during chemical transformations.

### Why It Matters (Impact)
Unlocks access to previously unstable molecular geometries and material structures, paving the way for next-generation quantum devices.

### Mind-Blowing Fact
💡 By trapping reacting molecules in sub-nanometer cages, reactions that normally take days can be forced to occur in a fraction of a second.",https://www.google.com/search?tbm=isch&q=Enantioselective+Bimetallic+Nanoclusters+in+Targeted+C-H+Activation,Moderate Popularity
Supracritical Micro-flow Reactor Systems for Solid-State Battery Stabilization,Chemistry & Chemical Engineering / Electrochemistry,"### Overview
Utilizes alternative energy inputs like visible light, precise mechanical forces, or localized electric fields to bypass traditional thermodynamic constraints.

### Why It Matters (Impact)
Unlocks access to previously unstable molecular geometries and material structures, paving the way for next-generation quantum devices.

### Mind-Blowing Fact
💡 By trapping reacting molecules in sub-nanometer cages, reactions that normally take days can be forced to occur in a fraction of a second.",https://www.google.com/search?tbm=isch&q=Supracritical+Micro-flow+Reactor+Systems+for+Solid-State+Battery+Stabilization,Low Popularity (Extremely Rare/Niche)
Enantioselective Covalent Organic Frameworks (COFs) in Non-Equilibrium Chemical Systems,Chemistry & Chemical Engineering / Electrochemistry,"### Overview
Arranges molecular architectures or quantum states in highly coordinated geometric configurations to dramatically lower activation energy barriers.

### Why It Matters (Impact)
Enables highly selective chemical transformations with zero unwanted side-products, transforming industrial green chemistry standards.

### Mind-Blowing Fact
💡 Some of these catalysts can perform millions of complex molecular transformations before showing even a single atom of wear or degradation.",https://www.google.com/search?tbm=isch&q=Enantioselective+Covalent+Organic+Frameworks+%28COFs%29+in+Non-Equilibrium+Chemical+Systems,Low Popularity (Extremely Rare/Niche)
Enantioselective Micro-flow Reactor Systems in Renewable Biomass Upcycling,Chemistry & Chemical Engineering / Catalysis & Kinetics,"### Overview
Exploits confined localized environments and tailored surface configurations to govern electronic pathways and spin states during chemical transformations.

### Why It Matters (Impact)
Drastically accelerates sluggish reaction rates under ambient, energy-efficient conditions, eliminating the need for fossil-fueled heating.

### Mind-Blowing Fact
💡 Controlling the quantum spin polarization of electrons can increase chemical reaction efficiency by orders of magnitude without changing the temperature.",https://www.google.com/search?tbm=isch&q=Enantioselective+Micro-flow+Reactor+Systems+in+Renewable+Biomass+Upcycling,Low Popularity (Extremely Rare/Niche)
Solvent-free Bimetallic Nanoclusters for Solid-State Battery Stabilization,Chemistry & Chemical Engineering / Organic Synthesis,"### Overview
Utilizes alternative energy inputs like visible light, precise mechanical forces, or localized electric fields to bypass traditional thermodynamic constraints.

### Why It Matters (Impact)
Unlocks access to previously unstable molecular geometries and material structures, paving the way for next-generation quantum devices.

### Mind-Blowing Fact
💡 By trapping reacting molecules in sub-nanometer cages, reactions that normally take days can be forced to occur in a fraction of a second.",https://www.google.com/search?tbm=isch&q=Solvent-free+Bimetallic+Nanoclusters+for+Solid-State+Battery+Stabilization,Moderate Popularity
Asymmetric Triboelectric Nanogenerators in Multi-Scale Energy Scavenging,Mechanical Engineering / Micro/Nano Electromechanical Systems (MEMS),"### Overview
Integrates responsive polymer matrices or flexible smart materials with tailored geometries to achieve autonomous actuation and sensory adaptation without external computing.

### Why It Matters (Impact)
Drastically reduces weight while boosting mechanical resilience and energy dissipation capabilities for next-generation systems.

### Mind-Blowing Fact
💡 These configurations can demonstrate negative Poisson's ratios, meaning they expand sideways when stretched rather than getting thinner.",https://www.google.com/search?tbm=isch&q=Asymmetric+Triboelectric+Nanogenerators+in+Multi-Scale+Energy+Scavenging,Low Popularity (Extremely Rare/Niche)
Mechanochemical Quantum Embedding Interfaces in Chiral Pharmaceutical Separation,Chemistry & Chemical Engineering / Organic Synthesis,"### Overview
Utilizes alternative energy inputs like visible light, precise mechanical forces, or localized electric fields to bypass traditional thermodynamic constraints.

### Why It Matters (Impact)
Unlocks access to previously unstable molecular geometries and material structures, paving the way for next-generation quantum devices.

### Mind-Blowing Fact
💡 Controlling the quantum spin polarization of electrons can increase chemical reaction efficiency by orders of magnitude without changing the temperature.",https://www.google.com/search?tbm=isch&q=Mechanochemical+Quantum+Embedding+Interfaces+in+Chiral+Pharmaceutical+Separation,Moderate Popularity
Single-atom Bimetallic Nanoclusters for High-Density Green Hydrogen Production,Chemistry & Chemical Engineering / Surface & Interfacial Chemistry,"### Overview
Utilizes alternative energy inputs like visible light, precise mechanical forces, or localized electric fields to bypass traditional thermodynamic constraints.

### Why It Matters (Impact)
Enables highly selective chemical transformations with zero unwanted side-products, transforming industrial green chemistry standards.

### Mind-Blowing Fact
💡 Controlling the quantum spin polarization of electrons can increase chemical reaction efficiency by orders of magnitude without changing the temperature.",https://www.google.com/search?tbm=isch&q=Single-atom+Bimetallic+Nanoclusters+for+High-Density+Green+Hydrogen+Production,Moderate Popularity
Anisotropic Microfluidic Channels for Adaptive Structural Shifting,Mechanical Engineering / Micro/Nano Electromechanical Systems (MEMS),"### Overview
Implements dynamic fluid-structure interactions or localized fields to control interfacial physics, thermal transport, or directional flow dynamics.

### Why It Matters (Impact)
Drastically reduces weight while boosting mechanical resilience and energy dissipation capabilities for next-generation systems.

### Mind-Blowing Fact
💡 These configurations can demonstrate negative Poisson's ratios, meaning they expand sideways when stretched rather than getting thinner.",https://www.google.com/search?tbm=isch&q=Anisotropic+Microfluidic+Channels+for+Adaptive+Structural+Shifting,Low Popularity (Extremely Rare/Niche)
Bio-inspired Viscoelastic Dampers for Soft Neuromorphic Robotics,Mechanical Engineering / Solid Mechanics,"### Overview
Utilizes advanced architectural configuration at micro or nano scales to manipulate structural mechanics and wave propagation properties beyond conventional material limits.

### Why It Matters (Impact)
Bypasses traditional mechanical failure and wear modes, offering unprecedented operational lifespans in harsh or inaccessible environments.

### Mind-Blowing Fact
💡 These configurations can demonstrate negative Poisson's ratios, meaning they expand sideways when stretched rather than getting thinner.",https://www.google.com/search?tbm=isch&q=Bio-inspired+Viscoelastic+Dampers+for+Soft+Neuromorphic+Robotics,Low Popularity (Extremely Rare/Niche)
Supracritical Covalent Organic Frameworks (COFs) for Precision Carbon Capture,Chemistry & Chemical Engineering / Electrochemistry,"### Overview
Utilizes alternative energy inputs like visible light, precise mechanical forces, or localized electric fields to bypass traditional thermodynamic constraints.

### Why It Matters (Impact)
Drastically accelerates sluggish reaction rates under ambient, energy-efficient conditions, eliminating the need for fossil-fueled heating.

### Mind-Blowing Fact
💡 By trapping reacting molecules in sub-nanometer cages, reactions that normally take days can be forced to occur in a fraction of a second.",https://www.google.com/search?tbm=isch&q=Supracritical+Covalent+Organic+Frameworks+%28COFs%29+for+Precision+Carbon+Capture,Low Popularity (Extremely Rare/Niche)
Mechanochemical Solid-State Electrolyte Interphases in Targeted C-H Activation,Chemistry & Chemical Engineering / Electrochemistry,"### Overview
Utilizes alternative energy inputs like visible light, precise mechanical forces, or localized electric fields to bypass traditional thermodynamic constraints.

### Why It Matters (Impact)
Drastically accelerates sluggish reaction rates under ambient, energy-efficient conditions, eliminating the need for fossil-fueled heating.

### Mind-Blowing Fact
💡 Controlling the quantum spin polarization of electrons can increase chemical reaction efficiency by orders of magnitude without changing the temperature.",https://www.google.com/search?tbm=isch&q=Mechanochemical+Solid-State+Electrolyte+Interphases+in+Targeted+C-H+Activation,Moderate Popularity
Micro-architected Soft Robotic Actuators in High-Flux Electronic Cooling,Mechanical Engineering / Micro/Nano Electromechanical Systems (MEMS),"### Overview
Utilizes advanced architectural configuration at micro or nano scales to manipulate structural mechanics and wave propagation properties beyond conventional material limits.

### Why It Matters (Impact)
Drastically reduces weight while boosting mechanical resilience and energy dissipation capabilities for next-generation systems.

### Mind-Blowing Fact
💡 The localized structural response is so immediate that it mimics biological reflex loops, bypassing centralized electronic control delays entirely.",https://www.google.com/search?tbm=isch&q=Micro-architected+Soft+Robotic+Actuators+in+High-Flux+Electronic+Cooling,Low Popularity (Extremely Rare/Niche)
Micro-architected Microfluidic Channels for High-Precision Vascular Navigation,Mechanical Engineering / Fluid Dynamics,"### Overview
Integrates responsive polymer matrices or flexible smart materials with tailored geometries to achieve autonomous actuation and sensory adaptation without external computing.

### Why It Matters (Impact)
Bypasses traditional mechanical failure and wear modes, offering unprecedented operational lifespans in harsh or inaccessible environments.

### Mind-Blowing Fact
💡 These configurations can demonstrate negative Poisson's ratios, meaning they expand sideways when stretched rather than getting thinner.",https://www.google.com/search?tbm=isch&q=Micro-architected+Microfluidic+Channels+for+High-Precision+Vascular+Navigation,Moderate Popularity
Photoredox-driven Plasmonic Nanostructures in Renewable Biomass Upcycling,Chemistry & Chemical Engineering / Catalysis & Kinetics,"### Overview
Exploits confined localized environments and tailored surface configurations to govern electronic pathways and spin states during chemical transformations.

### Why It Matters (Impact)
Enables highly selective chemical transformations with zero unwanted side-products, transforming industrial green chemistry standards.

### Mind-Blowing Fact
💡 Some of these catalysts can perform millions of complex molecular transformations before showing even a single atom of wear or degradation.",https://www.google.com/search?tbm=isch&q=Photoredox-driven+Plasmonic+Nanostructures+in+Renewable+Biomass+Upcycling,Moderate Popularity
Heterogeneous Covalent Organic Frameworks (COFs) for High-Density Green Hydrogen Production,Chemistry & Chemical Engineering / Quantum Chemistry,"### Overview
Utilizes alternative energy inputs like visible light, precise mechanical forces, or localized electric fields to bypass traditional thermodynamic constraints.

### Why It Matters (Impact)
Unlocks access to previously unstable molecular geometries and material structures, paving the way for next-generation quantum devices.

### Mind-Blowing Fact
💡 By trapping reacting molecules in sub-nanometer cages, reactions that normally take days can be forced to occur in a fraction of a second.",https://www.google.com/search?tbm=isch&q=Heterogeneous+Covalent+Organic+Frameworks+%28COFs%29+for+High-Density+Green+Hydrogen+Production,Moderate Popularity
Solvent-free Quantum Embedding Interfaces for Precision Carbon Capture,Chemistry & Chemical Engineering / Organic Synthesis,"### Overview
Utilizes alternative energy inputs like visible light, precise mechanical forces, or localized electric fields to bypass traditional thermodynamic constraints.

### Why It Matters (Impact)
Unlocks access to previously unstable molecular geometries and material structures, paving the way for next-generation quantum devices.

### Mind-Blowing Fact
💡 Some of these catalysts can perform millions of complex molecular transformations before showing even a single atom of wear or degradation.",https://www.google.com/search?tbm=isch&q=Solvent-free+Quantum+Embedding+Interfaces+for+Precision+Carbon+Capture,Low Popularity (Extremely Rare/Niche)
Self-healing Triboelectric Nanogenerators for Adaptive Structural Shifting,Mechanical Engineering / Fluid Dynamics,"### Overview
Implements dynamic fluid-structure interactions or localized fields to control interfacial physics, thermal transport, or directional flow dynamics.

### Why It Matters (Impact)
Drastically reduces weight while boosting mechanical resilience and energy dissipation capabilities for next-generation systems.

### Mind-Blowing Fact
💡 These configurations can demonstrate negative Poisson's ratios, meaning they expand sideways when stretched rather than getting thinner.",https://www.google.com/search?tbm=isch&q=Self-healing+Triboelectric+Nanogenerators+for+Adaptive+Structural+Shifting,Low Popularity (Extremely Rare/Niche)
Micro-architected Triboelectric Nanogenerators in Sub-Autonomous Deep-Sea Vehicles,Mechanical Engineering / Micro/Nano Electromechanical Systems (MEMS),"### Overview
Utilizes advanced architectural configuration at micro or nano scales to manipulate structural mechanics and wave propagation properties beyond conventional material limits.

### Why It Matters (Impact)
Bypasses traditional mechanical failure and wear modes, offering unprecedented operational lifespans in harsh or inaccessible environments.

### Mind-Blowing Fact
💡 The localized structural response is so immediate that it mimics biological reflex loops, bypassing centralized electronic control delays entirely.",https://www.google.com/search?tbm=isch&q=Micro-architected+Triboelectric+Nanogenerators+in+Sub-Autonomous+Deep-Sea+Vehicles,Low Popularity (Extremely Rare/Niche)
Chiral-induced Transition Metal Complexes in Chiral Pharmaceutical Separation,Chemistry & Chemical Engineering / Surface & Interfacial Chemistry,"### Overview
Exploits confined localized environments and tailored surface configurations to govern electronic pathways and spin states during chemical transformations.

### Why It Matters (Impact)
Drastically accelerates sluggish reaction rates under ambient, energy-efficient conditions, eliminating the need for fossil-fueled heating.

### Mind-Blowing Fact
💡 By trapping reacting molecules in sub-nanometer cages, reactions that normally take days can be forced to occur in a fraction of a second.",https://www.google.com/search?tbm=isch&q=Chiral-induced+Transition+Metal+Complexes+in+Chiral+Pharmaceutical+Separation,Moderate Popularity
Cryogenic Capillary Interfaces in Multi-Scale Energy Scavenging,Mechanical Engineering / Fluid Dynamics,"### Overview
Utilizes advanced architectural configuration at micro or nano scales to manipulate structural mechanics and wave propagation properties beyond conventional material limits.

### Why It Matters (Impact)
Bypasses traditional mechanical failure and wear modes, offering unprecedented operational lifespans in harsh or inaccessible environments.

### Mind-Blowing Fact
💡 These configurations can demonstrate negative Poisson's ratios, meaning they expand sideways when stretched rather than getting thinner.",https://www.google.com/search?tbm=isch&q=Cryogenic+Capillary+Interfaces+in+Multi-Scale+Energy+Scavenging,Moderate Popularity
Chiral-induced Covalent Organic Frameworks (COFs) in Targeted C-H Activation,Chemistry & Chemical Engineering / Surface & Interfacial Chemistry,"### Overview
Arranges molecular architectures or quantum states in highly coordinated geometric configurations to dramatically lower activation energy barriers.

### Why It Matters (Impact)
Drastically accelerates sluggish reaction rates under ambient, energy-efficient conditions, eliminating the need for fossil-fueled heating.

### Mind-Blowing Fact
💡 Some of these catalysts can perform millions of complex molecular transformations before showing even a single atom of wear or degradation.",https://www.google.com/search?tbm=isch&q=Chiral-induced+Covalent+Organic+Frameworks+%28COFs%29+in+Targeted+C-H+Activation,Moderate Popularity
Cryogenic Thermoelectric Harvesters for High-Precision Vascular Navigation,Mechanical Engineering / Robotics & Control,"### Overview
Utilizes advanced architectural configuration at micro or nano scales to manipulate structural mechanics and wave propagation properties beyond conventional material limits.

### Why It Matters (Impact)
Bypasses traditional mechanical failure and wear modes, offering unprecedented operational lifespans in harsh or inaccessible environments.

### Mind-Blowing Fact
💡 The localized structural response is so immediate that it mimics biological reflex loops, bypassing centralized electronic control delays entirely.",https://www.google.com/search?tbm=isch&q=Cryogenic+Thermoelectric+Harvesters+for+High-Precision+Vascular+Navigation,Low Popularity (Extremely Rare/Niche)
Electrocatalytic Plasmonic Nanostructures in Chiral Pharmaceutical Separation,Chemistry & Chemical Engineering / Organic Synthesis,"### Overview
Arranges molecular architectures or quantum states in highly coordinated geometric configurations to dramatically lower activation energy barriers.

### Why It Matters (Impact)
Drastically accelerates sluggish reaction rates under ambient, energy-efficient conditions, eliminating the need for fossil-fueled heating.

### Mind-Blowing Fact
💡 Some of these catalysts can perform millions of complex molecular transformations before showing even a single atom of wear or degradation.",https://www.google.com/search?tbm=isch&q=Electrocatalytic+Plasmonic+Nanostructures+in+Chiral+Pharmaceutical+Separation,Low Popularity (Extremely Rare/Niche)
Single-atom Covalent Organic Frameworks (COFs) in Targeted C-H Activation,Chemistry & Chemical Engineering / Organic Synthesis,"### Overview
Utilizes alternative energy inputs like visible light, precise mechanical forces, or localized electric fields to bypass traditional thermodynamic constraints.

### Why It Matters (Impact)
Enables highly selective chemical transformations with zero unwanted side-products, transforming industrial green chemistry standards.

### Mind-Blowing Fact
💡 Controlling the quantum spin polarization of electrons can increase chemical reaction efficiency by orders of magnitude without changing the temperature.",https://www.google.com/search?tbm=isch&q=Single-atom+Covalent+Organic+Frameworks+%28COFs%29+in+Targeted+C-H+Activation,Moderate Popularity
Mechanochemical Transition Metal Complexes for High-Density Green Hydrogen Production,Chemistry & Chemical Engineering / Electrochemistry,"### Overview
Exploits confined localized environments and tailored surface configurations to govern electronic pathways and spin states during chemical transformations.

### Why It Matters (Impact)
Unlocks access to previously unstable molecular geometries and material structures, paving the way for next-generation quantum devices.

### Mind-Blowing Fact
💡 Some of these catalysts can perform millions of complex molecular transformations before showing even a single atom of wear or degradation.",https://www.google.com/search?tbm=isch&q=Mechanochemical+Transition+Metal+Complexes+for+High-Density+Green+Hydrogen+Production,Low Popularity (Extremely Rare/Niche)
Supramolecular Solid-State Electrolyte Interphases in Non-Equilibrium Chemical Systems,Chemistry & Chemical Engineering / Surface & Interfacial Chemistry,"### Overview
Utilizes alternative energy inputs like visible light, precise mechanical forces, or localized electric fields to bypass traditional thermodynamic constraints.

### Why It Matters (Impact)
Drastically accelerates sluggish reaction rates under ambient, energy-efficient conditions, eliminating the need for fossil-fueled heating.

### Mind-Blowing Fact
💡 Some of these catalysts can perform millions of complex molecular transformations before showing even a single atom of wear or degradation.",https://www.google.com/search?tbm=isch&q=Supramolecular+Solid-State+Electrolyte+Interphases+in+Non-Equilibrium+Chemical+Systems,Low Popularity (Extremely Rare/Niche)
Cryogenic Capillary Interfaces for Adaptive Structural Shifting,Mechanical Engineering / Robotics & Control,"### Overview
Utilizes advanced architectural configuration at micro or nano scales to manipulate structural mechanics and wave propagation properties beyond conventional material limits.

### Why It Matters (Impact)
Provides ultra-precise regulation of fluid or thermal fluxes, enabling breakthrough performance in sub-micron computing and micro-propulsion.

### Mind-Blowing Fact
💡 The localized structural response is so immediate that it mimics biological reflex loops, bypassing centralized electronic control delays entirely.",https://www.google.com/search?tbm=isch&q=Cryogenic+Capillary+Interfaces+for+Adaptive+Structural+Shifting,Low Popularity (Extremely Rare/Niche)
Chiral-induced Micro-flow Reactor Systems for Ultra-trace Explosive Detection,Chemistry & Chemical Engineering / Catalysis & Kinetics,"### Overview
Utilizes alternative energy inputs like visible light, precise mechanical forces, or localized electric fields to bypass traditional thermodynamic constraints.

### Why It Matters (Impact)
Enables highly selective chemical transformations with zero unwanted side-products, transforming industrial green chemistry standards.

### Mind-Blowing Fact
💡 Some of these catalysts can perform millions of complex molecular transformations before showing even a single atom of wear or degradation.",https://www.google.com/search?tbm=isch&q=Chiral-induced+Micro-flow+Reactor+Systems+for+Ultra-trace+Explosive+Detection,Moderate Popularity
Micro-architected Phononic Crystals for Soft Neuromorphic Robotics,Mechanical Engineering / Robotics & Control,"### Overview
Integrates responsive polymer matrices or flexible smart materials with tailored geometries to achieve autonomous actuation and sensory adaptation without external computing.

### Why It Matters (Impact)
Provides ultra-precise regulation of fluid or thermal fluxes, enabling breakthrough performance in sub-micron computing and micro-propulsion.

### Mind-Blowing Fact
💡 By controlling atomic-level vibrations, these systems can guide thermal currents along specific paths, effectively making heat turn corners.",https://www.google.com/search?tbm=isch&q=Micro-architected+Phononic+Crystals+for+Soft+Neuromorphic+Robotics,Moderate Popularity
Asymmetric Phononic Crystals in High-Flux Electronic Cooling,Mechanical Engineering / Robotics & Control,"### Overview
Implements dynamic fluid-structure interactions or localized fields to control interfacial physics, thermal transport, or directional flow dynamics.

### Why It Matters (Impact)
Bypasses traditional mechanical failure and wear modes, offering unprecedented operational lifespans in harsh or inaccessible environments.

### Mind-Blowing Fact
💡 By controlling atomic-level vibrations, these systems can guide thermal currents along specific paths, effectively making heat turn corners.",https://www.google.com/search?tbm=isch&q=Asymmetric+Phononic+Crystals+in+High-Flux+Electronic+Cooling,Moderate Popularity
Electro-hydrodynamic Triboelectric Nanogenerators in Sub-Autonomous Deep-Sea Vehicles,Mechanical Engineering / Robotics & Control,"### Overview
Integrates responsive polymer matrices or flexible smart materials with tailored geometries to achieve autonomous actuation and sensory adaptation without external computing.

### Why It Matters (Impact)
Bypasses traditional mechanical failure and wear modes, offering unprecedented operational lifespans in harsh or inaccessible environments.

### Mind-Blowing Fact
💡 These configurations can demonstrate negative Poisson's ratios, meaning they expand sideways when stretched rather than getting thinner.",https://www.google.com/search?tbm=isch&q=Electro-hydrodynamic+Triboelectric+Nanogenerators+in+Sub-Autonomous+Deep-Sea+Vehicles,Moderate Popularity
Bio-inspired Thermoelectric Harvesters for High-Precision Vascular Navigation,Mechanical Engineering / Solid Mechanics,"### Overview
Integrates responsive polymer matrices or flexible smart materials with tailored geometries to achieve autonomous actuation and sensory adaptation without external computing.

### Why It Matters (Impact)
Provides ultra-precise regulation of fluid or thermal fluxes, enabling breakthrough performance in sub-micron computing and micro-propulsion.

### Mind-Blowing Fact
💡 By controlling atomic-level vibrations, these systems can guide thermal currents along specific paths, effectively making heat turn corners.",https://www.google.com/search?tbm=isch&q=Bio-inspired+Thermoelectric+Harvesters+for+High-Precision+Vascular+Navigation,Moderate Popularity
